OBJECTID,RecordID,Name,Address_Line_1,Address_Line_2,Borough,Cuisine
2,50126747,"U"" LIKE CHINESE TAKE OUT""",4926 BROADWAY,"New York, NY 10034",Manhattan,Chinese
3,50136066,THE ONE CLUB,1 WALL STREET,"New York, NY 10005",Manhattan,Mediterranean
4,50018480,"W"" CAFE""",390 5 AVENUE,"New York, NY 10018",Manhattan,American 
5,50115654,10TH FL FOOD HALL ( DEUTSCHE BANK CAFE),10 COLUMBUS CIRCLE,"New York, NY 10019",Manhattan,American 
7,50112530,11:11 RESTAURANT LOUNGE,3964 10 AVENUE,"New York, NY 10034",Manhattan,Other
8,50117047,$1 PIZZA,333B AVENUE OF THE AMERICAS,"New York, NY 10014",Manhattan,Pizza
12,50093325,& PIZZA,63 WALL STREET,"New York, NY 10005",Manhattan,Pizza
14,50130973,16 Handles,325 AMSTERDAM AVENUE,"New York, NY 10023",Manhattan,Frozen Desserts
19,50115677,10TH FL CATERING,10 COLUMBUS CIRCLE,"New York, NY 10019",Manhattan,American 
22,50115657,11TH FL CLIENT DINING,10 COLUMBUS CIRCLE,"New York, NY 10019",Manhattan,American 
23,50121356,16TH FLOOR CAFE,320 PARK AVENUE,"New York, NY 10022",Manhattan,Other
24,50113240,3 TIMES,38 WATER STREET,"New York, NY 10004",Manhattan,Asian/Asian Fusion
25,50110715,123 MARKET PLACE,123 WILLIAM STREET,"New York, NY 10038",Manhattan,Asian/Asian Fusion
30,50059935,108 FOOD DRIED HOT POT,2794 BROADWAY,"New York, NY 10025",Manhattan,Chinese
31,50113589,375 CHICKEN N FRIES,649 9 AVENUE,"New York, NY 10036",Manhattan,Chicken
33,50044708,21 BAR,4318 BROADWAY,"New York, NY 10033",Manhattan,American 
35,50118526,2 BRYANT PARK CDR,1100 AVENUE OF THE AMERICAS,"New York, NY 10036",Manhattan,American 
36,50106822,21 GREENPOINT,30 ROCKEFELLER PLAZA,"New York, NY 10112",Manhattan,Tex-Mex
37,50088380,123 Burger Shot Beer,712 WEST  125 STREET,"New York, NY 10027",Manhattan,American 
40,50128888,180 BAR,4241 BROADWAY,"New York, NY 10033",Manhattan,Latin American
41,50091455,272 UPTOWN PIZZA,272 WEST  135 STREET,"New York, NY 10030",Manhattan,Pizza
42,50114109,2 BROS PIZZA / CARMENS KITCHEN,72 NASSAU STREET,"New York, NY 10038",Manhattan,Spanish
45,50114428,53,53 WEST   53 STREET,"New York, NY 10019",Manhattan,Asian/Asian Fusion
48,50113364,301 1ST AVE DORM,301 1 AVENUE,"New York, NY 10003",Manhattan,American 
53,50054535,THE COCK NYC,93 2 AVENUE,"New York, NY 10003",Manhattan,American 
54,50093886,220 CENTRAL PARK SOUTH,220 CENTRAL PARK SOUTH,"New York, NY 10019",Manhattan,American 
58,50134736,:3 COFFEE,29 WEST   21 STREET,"New York, NY 10010",Manhattan,Coffee/Tea
59,50100172,277 PARK AVENUE CAFE',277 PARK AVENUE,"New York, NY 10172",Manhattan,American 
60,50117652,5 OCLOCK SOMEWHERE,560 7 AVENUE,"New York, NY 10018",Manhattan,American 
64,50113322,3 TIMES,818 BROADWAY,"New York, NY 10003",Manhattan,Asian/Asian Fusion
65,50130331,5IVE SPICE,363 3 AVENUE,"New York, NY 10016",Manhattan,Southeast Asian
69,50125950,5 ESTRELLAS BAKERY AND RESTAURANT,3451 BROADWAY,"New York, NY 10031",Manhattan,Spanish
70,50110148,161 LAFAYETTE,161 LAFAYETTE STREET,"New York, NY 10013",Manhattan,Bottled Beverages
74,50117066,4 BOY 99 CENT PIZZA,252 WEST   31 STREET,"New York, NY 10001",Manhattan,Pizza
78,50120873,787 COFFEE CO,72 THOMPSON STREET,"New York, NY 10012",Manhattan,Coffee/Tea
80,50108087,5IVE SPICE,227 MULBERRY STREET,"New York, NY 10012",Manhattan,Asian/Asian Fusion
83,50118814,6TH FLOOR CAFE,250 VESEY STREET,"New York, NY 10281",Manhattan,American 
88,50120779,787 COFFEE,93 WORTH STREET,"New York, NY 10013",Manhattan,Coffee/Tea
89,50107446,5C Cafe,68 AVENUE C,"New York, NY 10009",Manhattan,Other
91,50123820,787 COFFEE,310 WEST   14 STREET,"New York, NY 10014",Manhattan,Coffee/Tea
92,50104959,7 ELEPHANTS,221 EAST BROADWAY,"New York, NY 10002",Manhattan,Thai
93,50136293,787 COFFEE ROASTERS,251 WEST   30 STREET,"New York, NY 10001",Manhattan,Coffee/Tea
94,50095342,787 COFFEE ROASTERS,101 2 AVENUE,"New York, NY 10003",Manhattan,Coffee/Tea
97,50069252,72 CIBAO RESTAURANT,72 CLINTON STREET,"New York, NY 10002",Manhattan,Latin American
98,50115163,8282,84 STANTON STREET,"New York, NY 10002",Manhattan,Korean
100,50100388,77 WEST BISTRO,77 WEST   66 STREET,"New York, NY 10023",Manhattan,American 
103,50107622,787 COFFEE,340 EAST   70 STREET,"New York, NY 10021",Manhattan,Coffee/Tea
107,50036292,A LA MODE SHOPPE,360 EAST   55 STREET,"New York, NY 10022",Manhattan,Frozen Desserts
109,50139385,8-BIT BITES,197 7 AVENUE,"New York, NY 10011",Manhattan,American 
110,50135943,A-JIAO SICHUAN CUISINE,1817 2 AVENUE,"New York, NY 10128",Manhattan,Chinese
111,50079290,886,26 SAINT MARKS PLACE,"New York, NY 10003",Manhattan,Asian/Asian Fusion
112,50127389,A.R.T SoHo (ROOFTOP),2 RENWICK STREET,"New York, NY 10013",Manhattan,Other
114,50124784,9 JONES,9 JONES STREET,"New York, NY 10014",Manhattan,Greek
115,50131131,ABITINO'S PIZZA,707 2 AVENUE,"New York, NY 10016",Manhattan,Pizza
124,50106402,99C PIZZA,246 EAST   14 STREET,"New York, NY 10003",Manhattan,Pizza
125,50115682,6TH FL TRADER CAFE,10 COLUMBUS CIRCLE,"New York, NY 10019",Manhattan,Coffee/Tea
126,50132389,888 HUDSON THAI,812 WEST  181 STREET,"New York, NY 10033",Manhattan,Thai
127,50136221,ABITINO'S PIZZA,5 WEST   51 STREET,"New York, NY 10019",Manhattan,Pizza
129,50014520,7 GRAMS CAFFE,275 7 AVENUE,"New York, NY 10001",Manhattan,Coffee/Tea
141,50117774,AHIMSA,204 EAST   38 STREET,"New York, NY 10016",Manhattan,Indian
145,50117133,AGATA & VALENTINA,1513 1 AVENUE,"New York, NY 10075",Manhattan,Sandwiches/Salads/Mixed Buffet
151,50106619,AJISAI JAPANESE FUSION,795 LEXINGTON AVENUE,"New York, NY 10065",Manhattan,Japanese
153,50123999,ALAMO DRAFTHOUSE CINEMAS,28 LIBERTY STREET,"New York, NY 10005",Manhattan,American 
154,50119261,AKDENIZ MEDITERRANEAN CUISINE,43 WEST   46 STREET,"New York, NY 10036",Manhattan,Mediterranean
156,50131082,ALBERT'S BAR,140 EAST   41 STREET,"New York, NY 10017",Manhattan,American 
159,50118280,ALEEF,333 WEST   39 STREET,"New York, NY 10018",Manhattan,Sandwiches/Salads/Mixed Buffet
162,50124034,787 COFFEE,256 WEST   15 STREET,"New York, NY 10011",Manhattan,Coffee/Tea
163,50140983,919 CAFE BY DB,919 3 AVENUE,"New York, NY 10022",Manhattan,American 
172,50123576,A'MORE CAFFE,150 EAST    2 STREET,"New York, NY 10009",Manhattan,Coffee/Tea
173,50015128,ALIDORO,18 EAST   39 STREET,"New York, NY 10016",Manhattan,Italian
178,50100947,ALIDORO,1 ROCKEFELLER PLAZA,"New York, NY 10020",Manhattan,Sandwiches/Salads/Mixed Buffet
180,50083467,AC HOTEL NEW YORK DOWNTOWN,151 MAIDEN LANE,"New York, NY 10038",Manhattan,American 
181,50134985,ALF BAKERY,75 9 AVENUE,"New York, NY 10011",Manhattan,Bakery Products/Desserts
183,50040217,AFRICA KINE,2267 ADAM CLAYTON POWELL JR BOULEVARD,"New York, NY 10030",Manhattan,African
184,50115291,ALIDORO,601 LEXINGTON AVENUE,"New York, NY 10022",Manhattan,Sandwiches
187,50139223,ADDEY ABABA ETHIOPIAN CUISINE,736 WEST  181 STREET,"New York, NY 10033",Manhattan,Ethiopian
188,50115043,ALL & SUNDRY,312 WEST   58 STREET,"New York, NY 10019",Manhattan,American 
196,50123914,ADYAR ANANDA BHAVAN,336 LEXINGTON AVENUE,"New York, NY 10016",Manhattan,Indian
198,50090591,AIYARA THAI,480 9 AVENUE,"New York, NY 10018",Manhattan,Thai
200,50118741,ACE'S PIZZA TAKE-OUT,30 ROCKEFELLER PLAZA,"New York, NY 10112",Manhattan,Pizza
202,50124074,AMBER,103 WEST   70 STREET,"New York, NY 10023",Manhattan,Asian/Asian Fusion
203,50062669,AMELIE WINE BAR,566 AMSTERDAM AVENUE,"New York, NY 10024",Manhattan,French
204,50119871,AFTERNOON,2785 BROADWAY,"New York, NY 10025",Manhattan,Donuts
205,50133647,"AL CORO,MEL'S, DISCOLO",85 10 AVENUE,"New York, NY 10011",Manhattan,Italian
209,50111125,AMERICAN BREW + PRESS,4 SOUTH STREET,"New York, NY 10004",Manhattan,American 
210,50114205,AI KI YA,41 WEST   33 STREET,"New York, NY 10001",Manhattan,Japanese
214,50125963,AINSLIE BOWERY,199 BOWERY,"New York, NY 10002",Manhattan,Other
227,50132006,ALI BABA MEDITERRANEAN CUISINE,224 EAST   53 STREET,"New York, NY 10022",Manhattan,Mediterranean
235,50137539,Angelina Gelateria,6 WEST   32 STREET,"New York, NY 10001",Manhattan,Frozen Desserts
237,50129833,ANDY'S RESTAURANT,2262 3 AVENUE,"New York, NY 10035",Manhattan,Latin American
239,50129823,ANIXI,290 8 AVENUE,"New York, NY 10001",Manhattan,Vegetarian
244,50134186,ANGELINA PARIS,1121 LEXINGTON AVENUE,"New York, NY 10075",Manhattan,French
246,50110594,AMA ON DOWNING,39 DOWNING STREET,"New York, NY 10014",Manhattan,Seafood
249,50083160,ANGELO GORDON,245 PARK AVENUE,"New York, NY 10167",Manhattan,American 
253,50015159,AKAMI SUSHI,1771 1 AVENUE,"New York, NY 10128",Manhattan,Japanese
264,50131314,ANTO,243 EAST   58 STREET,"New York, NY 10022",Manhattan,Steakhouse
267,50117920,ARAMARK @ FISERV,1 BROADWAY,"New York, NY 10004",Manhattan,American 
270,50106453,ARANA EN EL JARDIN,511 EAST    5 STREET,"New York, NY 10009",Manhattan,Mexican
271,50077692,ALOFT HARLEM,2296 FREDERICK DOUGLASS BOULEVARD,"New York, NY 10027",Manhattan,American 
273,50125721,ARVA,730 5 AVENUE,"New York, NY 10019",Manhattan,Italian
277,50116479,ARVACI COFFEE,340 WEST   37 STREET,"New York, NY 10018",Manhattan,Coffee/Tea
280,50040181,AS IS,734 10 AVENUE,"New York, NY 10019",Manhattan,American 
282,50134113,AMBER,135 CHRISTOPHER STREET,"New York, NY 10014",Manhattan,Other
283,50038065,ANTOJITOS MEXICANO,511 WEST  181 STREET,"New York, NY 10033",Manhattan,Spanish
285,50111811,AMBO,55C EAST    8 STREET,"New York, NY 10003",Manhattan,Indian
286,50105207,AMANO CAFE,172 WEST    4 STREET,"New York, NY 10014",Manhattan,Coffee/Tea
287,50005067,AMERICAN WHISKEY,247 WEST   30 STREET,"New York, NY 10001",Manhattan,American 
289,50133359,AMMI,25 11 AVENUE,"New York, NY 10011",Manhattan,Bangladeshi
290,50133475,AMBRA,569 HUDSON STREET,"New York, NY 10014",Manhattan,Italian
295,50129280,AMPLE HILLS CREAMERY,526 AMSTERDAM AVENUE,"New York, NY 10024",Manhattan,Frozen Desserts
296,50115065,AMTRAK METROPOLITAN LOUNGE/MOYNIHAN TRAIN HALL,421 8 AVENUE,"New York, NY 10001",Manhattan,Sandwiches/Salads/Mixed Buffet
297,50043211,AMERITANIA BAR,230 WEST   54 STREET,"New York, NY 10019",Manhattan,American 
299,50118612,AMY'S BREAD @ CAFE AT 200 LEX,200 LEXINGTON AVENUE,"New York, NY 10016",Manhattan,Bakery Products/Desserts
302,50136102,AMZ JFK27 CAFE,424 5 AVENUE,"New York, NY 10018",Manhattan,American 
303,50124128,AMORE PIZZA CAFFE,370 WEST   58 STREET,"New York, NY 10019",Manhattan,Pizza
306,50132577,ANAR,935 AMSTERDAM AVENUE,"New York, NY 10025",Manhattan,Indian
307,50116426,ANA BAR AND EATERY,20 HUDSON YARDS,"New York, NY 10001",Manhattan,American 
310,50099734,AMUSE RESTAURANT,212 EAST   42 STREET,"New York, NY 10017",Manhattan,American 
314,50114232,ANAGRAMS (GOOGLE),111 8 AVENUE,"New York, NY 10011",Manhattan,Fusion
319,50121878,ARGO TRIBECA,181 DUANE STREET,"New York, NY 10013",Manhattan,Mediterranean
320,50129042,ARISTON FLOWERS & CAFE,78 5 AVENUE,"New York, NY 10011",Manhattan,Coffee/Tea
321,50139400,ANDIE'S EATS,185 BLEECKER STREET,"New York, NY 10012",Manhattan,Bakery Products/Desserts
322,50111857,ANDIAMO PIZZA,688 6 AVENUE,"New York, NY 10010",Manhattan,Pizza
325,50107075,ANGELINA,1050 6 AVENUE,"New York, NY 10018",Manhattan,Coffee/Tea
328,50115433,ANASSA,102 NORTH END AVENUE,"New York, NY 10282",Manhattan,Spanish
333,50033699,ANGEL OF HARLEM,2272 FREDERICK DOUGLASS BOULEVARD,"New York, NY 10027",Manhattan,Caribbean
334,50098458,ARTECHOUSE,75 9 AVENUE,"New York, NY 10011",Manhattan,Bottled Beverages
335,50125364,ANITA GELATO,1141 BROADWAY,"New York, NY 10001",Manhattan,Italian
337,50130040,Ankara #3,181 EAST HOUSTON STREET,"New York, NY 10002",Manhattan,Turkish
341,50107414,AU ZA'ATAR,1063 1 AVENUE,"New York, NY 10022",Manhattan,Middle Eastern
344,50111573,ANYTHING AT ALL,22 NORTH LOOP ROAD,"New York, NY 10044",Manhattan,American 
346,50117320,ANYTIME STREET,34 SAINT MARKS PLACE,"New York, NY 10003",Manhattan,Korean
355,50113061,ARAMARK@ACCENTURE #19261,395 9 AVENUE,"New York, NY 10001",Manhattan,American 
361,50117245,AVRILILILLYS CREAMERY,1610 AMSTERDAM AVENUE,"New York, NY 10031",Manhattan,Bakery Products/Desserts
365,50132215,APPAS PIZZA,210 1 AVENUE,"New York, NY 10009",Manhattan,Korean
366,50110212,ATTABOY COCKTAILS,134 ELDRIDGE STREET,"New York, NY 10002",Manhattan,Not Listed/Not Applicable
370,50131909,AU JUS WASHINGTON HEIGHTS,4232 BROADWAY,"New York, NY 10033",Manhattan,Barbecue
372,50141165,ANYTHING AT ALL,22 NORTH LOOP ROAD,"New York, NY 10044",Manhattan,American 
373,50131193,AUBI & RAMSA ICE CREAM,1165 BROADWAY,"New York, NY 10001",Manhattan,Frozen Desserts
375,50116092,ANGELINA BAKERY,1675 BROADWAY,"New York, NY 10019",Manhattan,Sandwiches/Salads/Mixed Buffet
376,50104779,AUNT JAKE'S,1555 2 AVENUE,"New York, NY 10028",Manhattan,Italian
380,50122596,B & B BAGELS,1370 1 AVENUE,"New York, NY 10021",Manhattan,Bagels/Pretzels
382,50113217,ARI SUSHI,402 WEST   44 STREET,"New York, NY 10036",Manhattan,Asian/Asian Fusion
385,50129048,ARORA,505 PARK AVENUE,"New York, NY 10022",Manhattan,American 
387,50125942,ARAGVI,230 EAST   44 STREET,"New York, NY 10017",Manhattan,Eastern European
388,50122580,ARTESANO,90 CHAMBERS STREET,"New York, NY 10007",Manhattan,Peruvian
389,50127623,ARTHUR & SONS NY ITALIAN,38 8 AVENUE,"New York, NY 10014",Manhattan,Italian
391,50097395,ARTICHOKE BASILLE'S PIZZA,1410 BROADWAY,"New York, NY 10018",Manhattan,Pizza
392,50131349,BAD ROMAN,10 COLUMBUS CIRCLE,"New York, NY 10019",Manhattan,Italian
396,50115909,Apr\xe9s,1 VANDERBILT AVENUE,"New York, NY 10017",Manhattan,American 
404,50011024,BAAZI NYC,2588 BROADWAY,"New York, NY 10025",Manhattan,Indian
407,50110670,ANYTIME BAR & BILLIARDS,112 WEST   30 STREET,"New York, NY 10001",Manhattan,American 
408,50125121,ROSIE'S PIZZA,1385 BROADWAY,"New York, NY 10018",Manhattan,Jewish/Kosher
410,50121987,APOTHEKE,9 WEST   26 STREET,"New York, NY 10010",Manhattan,Fusion
427,50063001,BAKED CRAVINGS,1673 LEXINGTON AVENUE,"New York, NY 10029",Manhattan,Bakery Products/Desserts
428,50131790,BAGGIOS PIZZERIA,162 7 AVENUE,"New York, NY 10011",Manhattan,Pizza
432,50119424,ARS NOVA THEATER,27 BARROW STREET,"New York, NY 10014",Manhattan,Other
433,50127385,ARLO BODEGA/FOXTAIL BAR,2 RENWICK STREET,"New York, NY 10013",Manhattan,American 
434,50137007,LEO CAFE @ ASIA SOCIETY,725 PARK AVENUE,"New York, NY 10021",Manhattan,Other
439,50118838,Aroma Coffee Shop,2132 2 AVENUE,"New York, NY 10029",Manhattan,Coffee/Tea
440,50120176,ARTBEAN COFFEE ROASTERS,19 DOYERS STREET,"New York, NY 10013",Manhattan,Coffee/Tea
443,50116682,BAMBINA BLUE,23 CLEVELAND PLACE,"New York, NY 10012",Manhattan,Frozen Desserts
447,50054435,ARTHOUSE HOTEL,2178 BROADWAY,"New York, NY 10024",Manhattan,Bottled Beverages
451,50090484,ASSET,329 COLUMBUS AVENUE,"New York, NY 10023",Manhattan,New American
455,50108717,BANDITS,44 BEDFORD STREET,"New York, NY 10014",Manhattan,American 
460,50059347,ATLA,372 LAFAYETTE STREET,"New York, NY 10012",Manhattan,Mexican
462,50084510,ATLAS KITCHEN,258 WEST  109 STREET,"New York, NY 10025",Manhattan,Chinese
468,50112571,AUNT BERNIE'S,513 3 AVENUE,"New York, NY 10016",Manhattan,French
473,50093429,BABS,72 MACDOUGAL STREET,"New York, NY 10012",Manhattan,English
482,50119605,BAGEL PUB,350 7 AVENUE,"New York, NY 10001",Manhattan,Bagels/Pretzels
483,50104992,AU JUS UPPER WEST SIDE,2621 BROADWAY,"New York, NY 10025",Manhattan,Barbecue
485,50120780,BAGEL PUB,418 6 AVENUE,"New York, NY 10011",Manhattan,Bagels/Pretzels
486,50128684,AUBI & RAMSA,36 LITTLE WEST   12 STREET,"New York, NY 10014",Manhattan,Frozen Desserts
491,50091389,"AUNTIE ANNE'S PRETZELS, CARVEL",151 WEST   34 STREET,"New York, NY 10001",Manhattan,Hotdogs/Pretzels
492,50128563,BAGEL TO SANDWICH,240 WEST   40 STREET,"New York, NY 10018",Manhattan,Bagels/Pretzels
495,50132757,"BAKED BY LUIGI, NYC PIZZA",221 EAST   23 STREET,"New York, NY 10010",Manhattan,Pizza
500,50118876,BAO BY KAYA,100 PEARL STREET,"New York, NY 10004",Manhattan,Asian/Asian Fusion
505,50128792,BAO BY KAYA,124 EAST   14 STREET,"New York, NY 10003",Manhattan,Chinese
513,50041630,BANH MI ZON,443 EAST    6 STREET,"New York, NY 10009",Manhattan,Asian/Asian Fusion
514,50115902,Avoca,1678 1 AVENUE,"New York, NY 10128",Manhattan,American 
516,50077803,AVO,263 11 AVENUE,"New York, NY 10001",Manhattan,Sandwiches/Salads/Mixed Buffet
518,50114977,AVOCADERIA,601 LEXINGTON AVENUE,"New York, NY 10022",Manhattan,American 
519,50124570,BARI BODEGA,873 BROADWAY,"New York, NY 10003",Manhattan,American 
520,50130405,AVO,245 5 AVENUE,"New York, NY 10016",Manhattan,Salads
521,50115621,BARKING DOG NYC,329 WEST   49 STREET,"New York, NY 10019",Manhattan,American 
522,50140972,BAR AVANT AT OLLY OLLY MARKET,601 WEST   26 STREET,"New York, NY 10001",Manhattan,Bottled Beverages
523,50093239,BARNARD COLLEGE - LIZ'S PLACE,3009 BROADWAY,"New York, NY 10027",Manhattan,Coffee/Tea
524,50115748,AweSum DimSum Times Square,612 8 AVENUE,"New York, NY 10018",Manhattan,Chinese
526,50120003,AZALEA CAFE NYC,409 EAST  116 STREET,"New York, NY 10029",Manhattan,Coffee/Tea
528,50093228,BARNARD COLLEGE - DIANA'S CENTER CAFE,3009 BROADWAY,"New York, NY 10027",Manhattan,American 
533,50109998,BAYA BAR,232 MULBERRY STREET,"New York, NY 10012",Manhattan,"Juice, Smoothies, Fruit Salads"
540,50107904,BANH,942 AMSTERDAM AVENUE,"New York, NY 10025",Manhattan,Asian/Asian Fusion
542,50115911,B'ARTUSI AND VIA PORTA,522 HUDSON STREET,"New York, NY 10014",Manhattan,American 
543,50056626,BB.Q CHICKEN,25 WEST   32 STREET,"New York, NY 10001",Manhattan,Korean
545,50123200,AVRA ESTIATORIO ROCKEFELLER CENTER,1271 AVENUE OF THE AMERICAS,"New York, NY 10020",Manhattan,Mediterranean
547,50073626,BAR PISELLINO,52 GROVE STREET,"New York, NY 10014",Manhattan,Italian
553,50111563,BARCLAYS RISE COFFEE BAR,43 WEST   23 STREET,"New York, NY 10010",Manhattan,Coffee/Tea
558,50067717,BEN AND JACKS STEAKHOUSE,219 EAST   44 STREET,"New York, NY 10017",Manhattan,Steakhouse
561,50124026,BARNEY BROWN,1410 BROADWAY,"New York, NY 10018",Manhattan,Sandwiches/Salads/Mixed Buffet
563,50100458,BERGDORF GOODMAN,745 5 AVENUE,"New York, NY 10151",Manhattan,American 
566,50105474,BARNJOO,816 6 AVENUE,"New York, NY 10001",Manhattan,Korean
568,50133301,BESSOU,25 11 AVENUE,"New York, NY 10011",Manhattan,Japanese
585,50102551,BALCONY LOUNGE,1000 5 AVENUE,"New York, NY 10028",Manhattan,American 
588,50120859,BAO BY KAYA,152 WEST   52 STREET,"New York, NY 10019",Manhattan,Chinese
592,50131998,BAN BAN SHOP,2911 BROADWAY,"New York, NY 10025",Manhattan,Fusion
593,50128737,BAO BY KAYA (Urban space),570 LEXINGTON AVENUE,"New York, NY 10022",Manhattan,Asian/Asian Fusion
597,50126424,BANGRAK THAI CUISINE,1750 2 AVENUE,"New York, NY 10128",Manhattan,Thai
600,50115321,BANQUET KITCHEN,438 WEST   33 STREET,"New York, NY 10001",Manhattan,Fusion
605,50012309,BIRCH COFFEE,134 1/2 EAST   62 STREET,"New York, NY 10065",Manhattan,Coffee/Tea
609,50115418,BIRD DOG,525 HUDSON STREET,"New York, NY 10014",Manhattan,Italian
611,50071055,BAO BAO NOODLE,106 GREENWICH STREET,"New York, NY 10006",Manhattan,Chinese
614,50005517,BLACK CRESCENT,76 CLINTON STREET,"New York, NY 10002",Manhattan,American 
615,50093232,BARNARD COLLEGE - MILSTEIN CENTER PEETS COFFEE,3009 BROADWAY,"New York, NY 10027",Manhattan,Coffee/Tea
616,50112175,BLACK LAB COFFEE,420 AMSTERDAM AVENUE,"New York, NY 10024",Manhattan,Coffee/Tea
617,50093227,BARNARD COLLEGE HEWITT DINING HALL,3009 BROADWAY,"New York, NY 10027",Manhattan,American 
619,50127443,HUUMA,122 MULBERRY STREET,"New York, NY 10013",Manhattan,Asian/Asian Fusion
620,50134983,BAYA BAR,111 EAST   14 STREET,"New York, NY 10003",Manhattan,"Juice, Smoothies, Fruit Salads"
621,50113036,BESSEMER TRUST CAFE,1271 AVENUE OF THE AMERICAS,"New York, NY 10020",Manhattan,American 
624,50124317,BAR 135,135 READE STREET,"New York, NY 10013",Manhattan,American 
625,50135432,BAYA BAR,305 WEST BROADWAY,"New York, NY 10013",Manhattan,"Juice, Smoothies, Fruit Salads"
628,50007475,BHATTI INDIAN GRILL,100 LEXINGTON AVENUE,"New York, NY 10016",Manhattan,Indian
632,50117241,BLANK STREET,172 9 AVENUE,"New York, NY 10011",Manhattan,Other
634,50122871,BLANK STREET,135 WILLIAM STREET,"New York, NY 10038",Manhattan,Coffee/Tea
635,50102392,BAR DECO (41st floor),175 GREENWICH STREET,"New York, NY 10007",Manhattan,American 
636,50117247,BING & NOODLES BY CHOW HOUSE,240 SULLIVAN STREET,"New York, NY 10012",Manhattan,Chinese
640,50035433,BAR HUGO,523 GREENWICH STREET,"New York, NY 10013",Manhattan,American 
643,50105047,THE LIONS BAR & GRILL,132 1 AVENUE,"New York, NY 10009",Manhattan,French
644,50070060,BEAUTY BAR,231 EAST   14 STREET,"New York, NY 10003",Manhattan,American 
645,50062378,BAR MOGA,128 WEST HOUSTON STREET,"New York, NY 10012",Manhattan,Japanese
650,50104394,BAR PASQUALE,98 KENMARE STREET,"New York, NY 10012",Manhattan,Italian
655,50128765,BAR VELOCE,245 BOWERY,"New York, NY 10002",Manhattan,Seafood
656,50107540,BBF,177 LUDLOW STREET,"New York, NY 10002",Manhattan,Japanese
657,50106489,BITES OF XI'AN,84 EAST   10 STREET,"New York, NY 10003",Manhattan,Chinese
660,50105272,BIXI,2164 FREDERICK DOUGLASS BOULEVARD,"New York, NY 10026",Manhattan,Other
662,50115352,BK JANI,601 LEXINGTON AVENUE,"New York, NY 10022",Manhattan,Pakistani
663,50116692,Be BacSoon,1488 2 AVENUE,"New York, NY 10075",Manhattan,Other
667,50105416,BELLA NOTTE PIZZERIA,104 AUDUBON AVENUE,"New York, NY 10032",Manhattan,Pizza
670,50034379,BLACK BARN,19 EAST   26 STREET,"New York, NY 10010",Manhattan,American 
673,50127894,BLANK STREET COFFEE,830 3 AVENUE,"New York, NY 10022",Manhattan,Coffee/Tea
676,50044852,BERLIN CURRYWURST,75 9 AVENUE,"New York, NY 10011",Manhattan,German
677,50128349,BELLINI,483 COLUMBUS AVENUE,"New York, NY 10024",Manhattan,Italian
678,50128013,BEST BAGELS,225 WEST   35 STREET,"New York, NY 10001",Manhattan,Bagels/Pretzels
681,50138829,BARANO2GO,30 VANDAM STREET,"New York, NY 10013",Manhattan,Pizza
682,50132319,BENNY JOHN'S BAR AND GRILL,8 EAST   48 STREET,"New York, NY 10017",Manhattan,American 
684,50102163,BARBUTO WEST,113 HORATIO STREET,"New York, NY 10014",Manhattan,Italian
691,50137271,BLACK PRESS COFFEE,1065 3 AVENUE,"New York, NY 10065",Manhattan,Coffee/Tea
693,50011221,BERON BERON,164 1 AVENUE,"New York, NY 10009",Manhattan,Japanese
694,50130366,BLACKROCK HY FOOD HALL,50 HUDSON YARDS,"New York, NY 10001",Manhattan,American 
698,50080478,BG EMPLOYEE CAFETERIA 4TH FL.,4 WEST   58 STREET,"New York, NY 10019",Manhattan,American 
700,50117965,BLANK STREET,1225 MADISON AVENUE,"New York, NY 10128",Manhattan,Coffee/Tea
703,50120967,BLANK STREET COFFEE,181 PRINCE STREET,"New York, NY 10012",Manhattan,Coffee/Tea
706,50123745,BLANK STREET COFFEE,125 CHURCH STREET,"New York, NY 10007",Manhattan,Coffee/Tea
709,50140897,BLOOMBERG,919 3 AVENUE,"New York, NY 10022",Manhattan,Other
710,50073099,BIRCH COFFEE,884 9 AVENUE,"New York, NY 10019",Manhattan,Coffee/Tea
712,50088359,BLT PRIME,1032 LEXINGTON AVENUE,"New York, NY 10021",Manhattan,American 
713,50074158,BARCLAYS - 745 CDR,745 7 AVENUE,"New York, NY 10019",Manhattan,American 
714,50133778,BIG WONG RESTAURANT,683 9 AVENUE,"New York, NY 10036",Manhattan,Chinese
720,50116638,BARRY'S,241 EAST   86 STREET,"New York, NY 10028",Manhattan,"Juice, Smoothies, Fruit Salads"
723,50112295,BIRCH COFFEE,360 WEST   33 STREET,"New York, NY 10001",Manhattan,Coffee/Tea
727,50122409,BB.Q CHICKEN 3RD AVENUE,383 3 AVENUE,"New York, NY 10016",Manhattan,Korean
729,50108490,BLUESTOCKINGS,116 SUFFOLK STREET,"New York, NY 10002",Manhattan,Coffee/Tea
730,50120115,BEAST & BUTTERFLIES,226 WEST   52 STREET,"New York, NY 10019",Manhattan,American 
731,50125890,BJORK CAFE & BISTRO,58 PARK AVENUE,"New York, NY 10016",Manhattan,Scandinavian
733,50131025,BEDFORD STUDIO,62 BEDFORD STREET,"New York, NY 10014",Manhattan,Coffee/Tea
735,50057837,BO'S BAGELS,235 WEST  116 STREET,"New York, NY 10026",Manhattan,Bagels/Pretzels
736,50135303,BIRCH COFFEE,136 CHURCH STREET,"New York, NY 10007",Manhattan,Coffee/Tea
737,50119755,BOBA GUYS,145 GREENE STREET,"New York, NY 10012",Manhattan,Coffee/Tea
742,50141225,BLUE BOTTLE COFFEE,1227 BROADWAY,"New York, NY 10001",Manhattan,Coffee/Tea
743,50140452,BOCA CHICA SEAFOOD,584 WEST  207 STREET,"New York, NY 10034",Manhattan,Spanish
744,50133516,THE BAZAAR DINING ROOM BY JOSE ANDRE,25 WEST   28 STREET,"New York, NY 10001",Manhattan,Other
748,50106095,BLUE WILLOW,40 WEST   56 STREET,"New York, NY 10019",Manhattan,Chinese
751,50111188,BLUESTONE LANE,55 HUDSON YARDS,"New York, NY 10001",Manhattan,American 
752,50126244,BODY SPACE FITNESS,330 EAST   59 STREET,"New York, NY 10022",Manhattan,"Juice, Smoothies, Fruit Salads"
757,50123865,BOBA GUYS,35 SPRING STREET,"New York, NY 10012",Manhattan,Coffee/Tea
758,50104991,BONBERI MART,321 WEST   11 STREET,"New York, NY 10014",Manhattan,Vegetarian
759,50104890,BEL-FRIES,132 LUDLOW STREET,"New York, NY 10002",Manhattan,Chicken
760,50136801,BOBA WHALE,1138 1 AVENUE,"New York, NY 10065",Manhattan,Coffee/Tea
761,50129597,BOBWHITE COUNTER,124 EAST   14 STREET,"New York, NY 10003",Manhattan,American 
765,50099701,BOOK CLUB,197 EAST    3 STREET,"New York, NY 10009",Manhattan,Coffee/Tea
767,50142024,BONJOUR MIXEUR,1436 LEXINGTON AVENUE,"New York, NY 10128",Manhattan,French
770,50075060,BOQUERIA,260 WEST   40 STREET,"New York, NY 10018",Manhattan,Tapas
774,50138507,BOTTE,35 AVENUE OF THE AMERICAS,"New York, NY 10013",Manhattan,Italian
775,50134533,BEER HERE!,96 SOUTH STREET,"New York, NY 10038",Manhattan,American 
776,50054294,BOUCHERIE,99 7 AVENUE SOUTH,"New York, NY 10014",Manhattan,French
779,50116833,BOURKE STREET BAKERY,162 8 AVENUE,"New York, NY 10011",Manhattan,Bakery Products/Desserts
782,50140192,BIRCH COFFEE,200 BROADWAY,"New York, NY 10038",Manhattan,Coffee/Tea
783,50119778,BETTY,193 HENRY STREET,"New York, NY 10002",Manhattan,New American
784,50127281,BIS,1207 LEXINGTON AVENUE,"New York, NY 10028",Manhattan,Jewish/Kosher
788,50111610,BREAD STORY,264 1 AVENUE,"New York, NY 10009",Manhattan,Bakery Products/Desserts
794,50105032,BLACK STAR BAKERY & CAFE,241 EAST   24 STREET,"New York, NY 10010",Manhattan,Coffee/Tea
796,50126955,BRINDLE ROOM,647 EAST   11 STREET,"New York, NY 10009",Manhattan,American 
798,50100085,BLACK BURGER/LOS TACOS HERMANOS,386 CANAL STREET,"New York, NY 10013",Manhattan,American 
802,50041653,BLACK SEED BAGELS,176 1 AVENUE,"New York, NY 10009",Manhattan,Bagels/Pretzels
805,50094180,BLANK SLATE,941 2 AVENUE,"New York, NY 10022",Manhattan,American 
807,50117265,BLANK STREET,149 AVENUE A,"New York, NY 10009",Manhattan,Coffee/Tea
809,50106212,BROOKLYN DUMPLING SHOP,131 1 AVENUE,"New York, NY 10003",Manhattan,Chinese
810,50117961,BLANK STREET,300 BLEECKER STREET,"New York, NY 10014",Manhattan,Coffee/Tea
813,50117964,BLANK STREET COFFEE,127 EAST   23 STREET,"New York, NY 10010",Manhattan,Coffee/Tea
817,50131166,BERLINA CAFE,600 8 AVENUE,"New York, NY 10018",Manhattan,American 
819,50036737,BREADS BAKERY,41 WEST   40 STREET,"New York, NY 10018",Manhattan,Bakery Products/Desserts
823,50088751,BREAK BAR,458 9 AVENUE,"New York, NY 10018",Manhattan,American 
830,50123748,BLANK STREET COFFEE,298 5 AVENUE,"New York, NY 10001",Manhattan,Coffee/Tea
832,50127896,BLANK STREET COFFEE,688 BROADWAY,"New York, NY 10012",Manhattan,Coffee/Tea
833,50136443,BILLS SUPPER CLUB,57 EAST   54 STREET,"New York, NY 10022",Manhattan,American 
836,50126422,BLANK STREET COFFEE,1284 3 AVENUE,"New York, NY 10021",Manhattan,Coffee/Tea
837,50090088,BIN 141,43 AVENUE A,"New York, NY 10009",Manhattan,American 
840,50127898,BLANK STREET COFFEE,590 6 AVENUE,"New York, NY 10011",Manhattan,Coffee/Tea
848,50068093,BIRCH COFFEE,171 EAST   88 STREET,"New York, NY 10128",Manhattan,Coffee/Tea
849,50137574,BRUNCH,2210 BROADWAY,"New York, NY 10024",Manhattan,American 
850,50120273,BLESS BAR & KITCHEN,3496 BROADWAY,"New York, NY 10031",Manhattan,Latin American
851,50125810,BIRCH COFFEE,240 EAST   54 STREET,"New York, NY 10022",Manhattan,Coffee/Tea
856,50045966,BIRCH COFFEE-Entrance on Beekman St,8 SPRUCE STREET,"New York, NY 10038",Manhattan,Coffee/Tea
858,50133265,BIRD & BRANCH,25 11 AVENUE,"New York, NY 10011",Manhattan,Coffee/Tea
867,50120328,BLUE BOTTLE COFFEE,1 PENN PLAZA,"New York, NY 10119",Manhattan,Coffee/Tea
868,50116365,BURGER JOINT,383 WEST   31 STREET,"New York, NY 10001",Manhattan,Hamburgers
874,50080230,BLUESTONE LANE,417 AMSTERDAM AVENUE,"New York, NY 10024",Manhattan,Australian
875,50119434,BLUE PARK KITCHEN,666 3 AVENUE,"New York, NY 10017",Manhattan,American 
880,50118833,BLUESTONE LANE,330 MADISON AVENUE,"New York, NY 10017",Manhattan,Coffee/Tea
881,50070079,BLUESTONE LANE,435 WEST   31 STREET,"New York, NY 10001",Manhattan,Australian
883,50111191,BLUESTONE LANE COFFEE,109 WEST BROADWAY,"New York, NY 10013",Manhattan,Australian
884,50080585,BLUESTONE LANE,400 MADISON AVENUE,"New York, NY 10017",Manhattan,Coffee/Tea
886,50132090,BNPP EXECUTIVE DINING,787 7 AVENUE,"New York, NY 10019",Manhattan,American 
887,50080589,BLUESTONE LANE,11 TIMES SQUARE,"New York, NY 10036",Manhattan,Coffee/Tea
889,50135931,BO's Bagels,3750 BROADWAY,"New York, NY 10032",Manhattan,Bagels/Pretzels
895,50095025,BLUESTONE LANE,1120 6 AVENUE,"New York, NY 10036",Manhattan,Coffee/Tea
898,50129636,BISOU,112 6 AVENUE,"New York, NY 10013",Manhattan,French
900,50034499,BURGER KING,154 EAST  116 STREET,"New York, NY 10029",Manhattan,Hamburgers
903,50119057,BURGER KING,16 BEAVER STREET,"New York, NY 10004",Manhattan,Other
904,50123103,BURGER VILLAGE,120 CHURCH STREET,"New York, NY 10007",Manhattan,Hamburgers
913,50125883,BURGEROLOGY,320 WEST   36 STREET,"New York, NY 10018",Manhattan,Hamburgers
914,50087216,BUUNNI COFFEE,4961 BROADWAY,"New York, NY 10034",Manhattan,Coffee/Tea
917,50114162,BY THE WAY BAKERY,2440 BROADWAY,"New York, NY 10024",Manhattan,Bakery Products/Desserts
918,50132214,BLACK SEED BAGELS,200 PARK AVENUE,"New York, NY 10166",Manhattan,Bagels/Pretzels
922,50109552,BLUESTONE LANE,2 RIVER TERRACE,"New York, NY 10282",Manhattan,Australian
924,50134013,BOBBY'S NIGHT OUT,145 AVENUE C,"New York, NY 10009",Manhattan,Mexican
927,50004379,BUTTER RESTAURANT,70 WEST   45 STREET,"New York, NY 10036",Manhattan,American 
938,50086714,BLACK PRESS COFFEE,274 COLUMBUS AVENUE,"New York, NY 10023",Manhattan,Coffee/Tea
939,50118140,BLANK STREET COFFEE,1173 LEXINGTON AVENUE,"New York, NY 10028",Manhattan,Coffee/Tea
940,50115276,CAFE AT SAKS FIFTH AVENUE,611 5 AVENUE,"New York, NY 10022",Manhattan,Coffee/Tea
942,50120141,BONDI SUSHI,275 GREENWICH STREET,"New York, NY 10007",Manhattan,Asian/Asian Fusion
944,50055609,CAFE EAST,2920 BROADWAY,"New York, NY 10027",Manhattan,Asian/Asian Fusion
947,50123542,CAFE GRUMPY,63 MADISON AVENUE,"New York, NY 10016",Manhattan,American 
949,50130370,BLACKROCK CDR 4TH FLOOR,50 HUDSON YARDS,"New York, NY 10001",Manhattan,Other
954,50095837,C. DI PALO LATTICINI FRESCHI,151 MOTT STREET,"New York, NY 10013",Manhattan,Other
955,50104231,BONDI SUSHI,75 KENMARE STREET,"New York, NY 10012",Manhattan,Japanese
960,50112960,CAFE CHINA,59 WEST   37 STREET,"New York, NY 10018",Manhattan,Chinese
964,50012132,BOQUERIA,1460 2 AVENUE,"New York, NY 10075",Manhattan,Tapas
966,50105315,CAFE GRUMPY,435 WEST   31 STREET,"New York, NY 10001",Manhattan,Coffee/Tea
970,50110343,CAFE HABANA,17 PRINCE STREET,"New York, NY 10012",Manhattan,Mexican
971,50109981,BLANK STREET,63 SPRING STREET,"New York, NY 10012",Manhattan,Coffee/Tea
972,50122884,BLANK STREET COFFEE,190 COLUMBUS AVENUE,"New York, NY 10023",Manhattan,Coffee/Tea
973,50116979,CAFE HUGO,523 GREENWICH STREET,"New York, NY 10013",Manhattan,American 
974,50117143,BLANK STREET,36 3 AVENUE,"New York, NY 10003",Manhattan,Coffee/Tea
976,50093674,CAFE KITSUNE,550 HUDSON STREET,"New York, NY 10014",Manhattan,American 
977,50118836,CAFE LYRIA,166 CROSBY STREET,"New York, NY 10012",Manhattan,Coffee/Tea
979,50131949,CAFE PARADISO,144 WEST   65 STREET,"New York, NY 10023",Manhattan,Italian
981,50120970,BLANK STREET,19 8 AVENUE,"New York, NY 10014",Manhattan,Coffee/Tea
983,50114679,BLANK STREET COFFEE,985 LEXINGTON AVENUE,"New York, NY 10021",Manhattan,Coffee/Tea
984,50125363,MEZZANINE/ EL TAKOY,246 SPRING STREET,"New York, NY 10013",Manhattan,American 
985,50123054,BLANK STREET COFFEE,500 LEXINGTON AVENUE,"New York, NY 10017",Manhattan,Coffee/Tea
986,50123060,BLANK STREET COFFEE,472 3 AVENUE,"New York, NY 10016",Manhattan,Coffee/Tea
988,50135262,BRASSERIE VIET NAM,282 BLEECKER STREET,"New York, NY 10014",Manhattan,Fusion
989,50126409,BLANK STREET COFFEE,171 7 AVENUE,"New York, NY 10011",Manhattan,Coffee/Tea
990,50073898,BOUCHERIE,225 PARK AVENUE SOUTH,"New York, NY 10003",Manhattan,French
993,50052785,BRAVO PIZZA,360 7 AVENUE,"New York, NY 10001",Manhattan,American 
994,50135000,BRAVO PIZZA,378 5 AVENUE,"New York, NY 10018",Manhattan,Pizza
998,50046273,BREADS BAKERY,1890 BROADWAY,"New York, NY 10023",Manhattan,Bakery Products/Desserts
999,50107164,BLU REAL ESTATE CAFE,120 RIVERSIDE BOULEVARD,"New York, NY 10069",Manhattan,Coffee/Tea
1001,50132198,BRICKYARD,23 PARK PLACE,"New York, NY 10007",Manhattan,American 
1002,50134936,BLUE BOX CAFE,6 EAST   57 STREET,"New York, NY 10022",Manhattan,American 
1007,50123041,BLANK STREET COFFEE,30 WEST   57 STREET,"New York, NY 10019",Manhattan,Coffee/Tea
1010,50141013,BLUE RIBBON SUSHI AND STEAK,250 WEST   34 STREET,"New York, NY 10119",Manhattan,Japanese
1013,50118012,BLUE RIBBON SUSHI BAR & GRILL,84 WILLIAM STREET,"New York, NY 10038",Manhattan,Japanese
1019,50129843,CAFFE ARONNE,976A LEXINGTON AVENUE,"New York, NY 10021",Manhattan,Coffee/Tea
1020,50123955,BLUE BOTTLE COFFEE,408 GREENWICH STREET,"New York, NY 10013",Manhattan,Coffee/Tea
1021,50103264,Caffe Aronne,112 GREENWICH AVENUE,"New York, NY 10011",Manhattan,Coffee/Tea
1023,50085940,BLUE HAVEN EAST,493 3 AVENUE,"New York, NY 10016",Manhattan,American 
1028,50107241,BROAD NOSH BAGELS,2350 BROADWAY,"New York, NY 10024",Manhattan,Sandwiches/Salads/Mixed Buffet
1030,50106065,CALAVERAS CORNER,936 AMSTERDAM AVENUE,"New York, NY 10025",Manhattan,American 
1031,50102945,BLUESTONE LANE,30 HUDSON YARDS,"New York, NY 10001",Manhattan,Coffee/Tea
1035,50117510,BNP PARIBAS COFFEE BAR,787 7 AVENUE,"New York, NY 10019",Manhattan,Coffee/Tea
1036,50066835,BLUESTONE LANE,1375 BROADWAY,"New York, NY 10018",Manhattan,Coffee/Tea
1048,50034742,BLUJEEN,2143 FREDERICK DOUGLASS BOULEVARD,"New York, NY 10026",Manhattan,American 
1057,50103610,BUDDHA BAR NEW YORK,62 THOMAS STREET,"New York, NY 10013",Manhattan,Asian/Asian Fusion
1059,50134770,CANDLE CAFE OR CANDLE,388 3 AVENUE,"New York, NY 10016",Manhattan,Vegetarian
1068,50113211,BONDI SUSHI,1140 3 AVENUE,"New York, NY 10065",Manhattan,Japanese
1069,50138563,BUFFALO WILD WINGS GO,455 PARK AVENUE SOUTH,"New York, NY 10016",Manhattan,Chicken
1071,50129819,BONDI SUSHI BAR,2052 BROADWAY,"New York, NY 10023",Manhattan,Japanese
1073,50130010,CAPITAL ONE 59TH & LEXINGTON,731 LEXINGTON AVENUE,"New York, NY 10022",Manhattan,Coffee/Tea
1077,50133134,BOURBON AND BRANCH,421 7 AVENUE,"New York, NY 10001",Manhattan,American 
1078,50109770,Burger Man,740 7 AVENUE,"New York, NY 10019",Manhattan,American 
1080,50126641,BOURKE STREET BAKERY,89 EAST   42 STREET,"New York, NY 10017",Manhattan,Bakery Products/Desserts
1081,50132177,BPX-SAVOYCLUB,767 5 AVENUE,"New York, NY 10153",Manhattan,American 
1084,50129314,BULL CHICKEN,55 WEST   40 STREET,"New York, NY 10018",Manhattan,Korean
1086,50120540,BOCCA DI BACCO,830 9 AVENUE,"New York, NY 10019",Manhattan,Italian
1091,50108485,BRADDAH'S/DON POKE/LITTLE MINT/LA BIRRIA DE RES/CRAFT BURGER/BUTTERFISH/CRUMBS/BAO WORKS,74 5 AVENUE,"New York, NY 10011",Manhattan,Fusion
1096,50125788,CASA CRUZ,36 EAST   61 STREET,"New York, NY 10065",Manhattan,Other
1101,50110741,BONDI SUSHI,246 5 AVENUE,"New York, NY 10001",Manhattan,Japanese
1104,50094961,BREAD N WINE,1415 LEXINGTON AVENUE,"New York, NY 10128",Manhattan,Sandwiches
1106,50116821,CANTO WEST VILLAGE,117 PERRY STREET,"New York, NY 10014",Manhattan,Italian
1107,50129852,CAVA,708 3 AVENUE,"New York, NY 10017",Manhattan,Mediterranean
1109,50137101,CAVA,350 HUDSON STREET,"New York, NY 10014",Manhattan,Mediterranean
1110,50131347,BREADS BAKERY,1230 AVENUE OF THE AMERICAS,"New York, NY 10020",Manhattan,Bakery Products/Desserts
1116,50116803,CAFE BY THE GIRLS,537A WEST   23 STREET,"New York, NY 10011",Manhattan,Coffee/Tea
1120,50106949,GUIRA & TAMBORA,2531 FREDERICK DOUGLASS BOULEVARD,"New York, NY 10030",Manhattan,Caribbean
1122,50004412,BONDURANTS,303 EAST   85 STREET,"New York, NY 10028",Manhattan,American 
1124,50138454,BRETT'S DELI,230 PARK AVENUE,"New York, NY 10169",Manhattan,American 
1125,50110739,BONSAII CAFE,127 EAST   55 STREET,"New York, NY 10022",Manhattan,Coffee/Tea
1127,50112178,BUTLER,177 LAFAYETTE STREET,"New York, NY 10013",Manhattan,Coffee/Tea
1129,50118639,BRONX BREWERY,64 2 AVENUE,"New York, NY 10003",Manhattan,American 
1130,50111081,CAF\xc9 HESTIA,80 MAIDEN LANE,"New York, NY 10038",Manhattan,American 
1133,50080365,CECIL'S STEAKHOUSE/ MINTON'S PLAYHOUSE,210 WEST  118 STREET,"New York, NY 10026",Manhattan,Steakhouse
1134,50081301,BROOKLYN BAGEL & COFFEE COMPANY,63 EAST    8 STREET,"New York, NY 10003",Manhattan,Bagels/Pretzels
1137,50073100,BORIS & HORTON,195 AVENUE A,"New York, NY 10009",Manhattan,Coffee/Tea
1138,50119427,BROOKLYN CHOPHOUSE TIMES SQUARE,253 WEST   47 STREET,"New York, NY 10036",Manhattan,Steakhouse
1139,50134639,CELLAR 36,36 MARKET STREET,"New York, NY 10002",Manhattan,American 
1142,50130714,CARROT EXPRESS,135 WEST   41 STREET,"New York, NY 10036",Manhattan,Fusion
1143,50110695,BOTTE UES,1606 1 AVENUE,"New York, NY 10028",Manhattan,Italian
1146,50115829,BREADS BAKERY,1294 3 AVENUE,"New York, NY 10021",Manhattan,Bakery Products/Desserts
1153,50097042,BUUNNI COFFEE,4211 BROADWAY,"New York, NY 10033",Manhattan,Coffee/Tea
1158,50120099,CAFE NEW,66 WEST   12 STREET,"New York, NY 10011",Manhattan,Coffee/Tea
1159,50126140,C AS IN CHARLIE,5 BLEECKER STREET,"New York, NY 10012",Manhattan,Korean
1160,50137381,CASA CARMEN,5 WEST   21 STREET,"New York, NY 10010",Manhattan,Mexican
1162,50114031,CAFE,131 GREENE STREET,"New York, NY 10012",Manhattan,Coffee/Tea
1163,50116958,CASA TOSCANA,20 UNION SQUARE WEST,"New York, NY 10003",Manhattan,Italian
1164,50124437,CAFE 424,424 WEST   54 STREET,"New York, NY 10019",Manhattan,Coffee/Tea
1171,50106062,BROADWAY PIZZA,2709 BROADWAY,"New York, NY 10025",Manhattan,Pizza
1178,50130678,CASA TOSCANA,124 EAST   14 STREET,"New York, NY 10003",Manhattan,Mediterranean
1190,50138942,CHA CHA MATCHA,1158 BROADWAY,"New York, NY 10001",Manhattan,Other
1192,50007352,CHAMBERS,94 CHAMBERS STREET,"New York, NY 10007",Manhattan,American 
1196,50134655,CELESTIAL/ THE BATEAUX, CHELSEA PIERS,"New York, NY 10011",Manhattan,American 
1197,50122278,BROOKLYN ROASTING COMPANY,828 BROADWAY,"New York, NY 10003",Manhattan,Coffee/Tea
1199,50080782,CANTEEN M & COFFEE M,189 BOWERY,"New York, NY 10002",Manhattan,American 
1210,50128558,CANTO CAFE,117 PERRY STREET,"New York, NY 10014",Manhattan,Coffee/Tea
1213,50136198,PATISSERIE CHANSON,2040 BROADWAY,"New York, NY 10023",Manhattan,Bakery Products/Desserts
1217,50141878,BUFFALO WILD WINGS GO,225 1 AVENUE,"New York, NY 10003",Manhattan,American 
1225,50116311,BULBAP GRILL,746 10 AVENUE,"New York, NY 10019",Manhattan,Korean
1234,50066450,CAVA MEZZE GRILL,325 PARK AVENUE SOUTH,"New York, NY 10010",Manhattan,Mediterranean
1237,50125091,BURGER BY DAY,242 GRAND STREET,"New York, NY 10002",Manhattan,Hamburgers
1240,50129827,CAVA MEZZE GRILL,307 7 AVENUE,"New York, NY 10001",Manhattan,Mediterranean
1242,50099941,CHEZ NICK,1737 YORK AVENUE,"New York, NY 10128",Manhattan,French
1245,50108954,CHICK CHICK,618 AMSTERDAM AVENUE,"New York, NY 10024",Manhattan,Chicken
1246,50131509,CENTURION,1 VANDERBILT AVENUE,"New York, NY 10017",Manhattan,French
1258,50111909,CHIEF,13 EAST   19 STREET,"New York, NY 10003",Manhattan,American 
1260,50072316,BUTTERCUP BAKESHOP,973 2 AVENUE,"New York, NY 10022",Manhattan,Bakery Products/Desserts
1264,50129760,CHALONG,749 9 AVENUE,"New York, NY 10019",Manhattan,Thai
1265,50123932,CHAMPION PIZZA PLUS,115 ESSEX STREET,"New York, NY 10002",Manhattan,Pizza
1267,50119717,CHARLOTTE CAFE,605 2 AVENUE,"New York, NY 10016",Manhattan,American 
1268,50113122,CHARLES PAN-FRIED CHICKEN,146 WEST   72 STREET,"New York, NY 10023",Manhattan,Chicken
1270,50137032,CHARLES PAN-FRIED CHICKEN,439 WEST  125 STREET,"New York, NY 10027",Manhattan,Chicken
1273,50087554,CHEFSCAPE,180 MAIDEN LANE,"New York, NY 10005",Manhattan,American 
1276,50106640,CHEFSCAPE,116 WEST HOUSTON STREET,"New York, NY 10012",Manhattan,American 
1277,50006345,CAFE 2,11 WEST   53 STREET,"New York, NY 10019",Manhattan,American 
1279,50110734,CHELSEA TABLE AND STAGE,152 WEST   26 STREET,"New York, NY 10001",Manhattan,American 
1280,50121315,CASA CARMEN,114 FRANKLIN STREET,"New York, NY 10013",Manhattan,Mexican
1283,50140160,"CHARTWELLS AT PACE, 6TH FLOOR",15 BEEKMAN STREET,"New York, NY 10038",Manhattan,American 
1284,50126441,CASA CIPRIANI CLUB,10 SOUTH STREET,"New York, NY 10004",Manhattan,Italian
1289,50131499,CH\xc2TEAU 49,924 2 AVENUE,"New York, NY 10022",Manhattan,French
1290,50125628,BUTTERDOSE,236 EAST   13 STREET,"New York, NY 10003",Manhattan,Coffee/Tea
1295,50106547,CASA LIMONE,20 EAST   49 STREET,"New York, NY 10017",Manhattan,Italian
1300,50108114,CAFE AROMA,502 9 AVENUE,"New York, NY 10018",Manhattan,American 
1303,50017261,CAFE DE NOVO,94 1/2 GREENWICH STREET,"New York, NY 10006",Manhattan,American 
1304,50141310,CAFE AROMA,839 7 AVENUE,"New York, NY 10019",Manhattan,Bakery Products/Desserts
1309,50116645,CAFE GRUMPY,30 ROCKEFELLER PLAZA,"New York, NY 10112",Manhattan,Coffee/Tea
1312,50125792,CAFE JOAH,212 AVENUE A,"New York, NY 10009",Manhattan,American 
1313,50119256,CAFE SERAFINA,922 7 AVENUE,"New York, NY 10019",Manhattan,Sandwiches/Salads/Mixed Buffet
1316,50128687,CHINA GOURMET,877A 8 AVENUE,"New York, NY 10019",Manhattan,Chinese
1317,50114013,CAFE SKYE,43 CLINTON STREET,"New York, NY 10002",Manhattan,American 
1319,50127105,CHEF HUANG,635 2 AVENUE,"New York, NY 10016",Manhattan,Chinese
1321,50107838,CHINA KING,1759 LEXINGTON AVENUE,"New York, NY 10029",Manhattan,Chinese
1325,50083653,CHELSEA MUSIC HALL,75 9 AVENUE,"New York, NY 10011",Manhattan,American 
1326,50105696,L'AMERICANA,51 IRVING PLACE,"New York, NY 10003",Manhattan,American 
1327,50127104,CHIP CITY,370 COLUMBUS AVENUE,"New York, NY 10024",Manhattan,Bakery Products/Desserts
1331,50125560,CASABIANCA PIZZERIA RESTAURANT,854 10 AVENUE,"New York, NY 10019",Manhattan,Pizza
1334,50070502,CAVA,50 SPRING STREET,"New York, NY 10012",Manhattan,Mediterranean
1335,50078220,CAVIAR RUSSE,538 MADISON AVENUE,"New York, NY 10022",Manhattan,French
1337,50108396,CHINA WOK,454A LENOX AVENUE,"New York, NY 10037",Manhattan,Chinese
1338,50131638,CCG(F6109)-VENABLE NYC CAFE,151 WEST   42 STREET,"New York, NY 10036",Manhattan,American 
1340,50112468,CHIPOTLE MEXICAN GRILL #3641uy;,350 5 AVENUE,"New York, NY 10118",Manhattan,Mexican
1341,50111618,CELLAR DOG,75 CHRISTOPHER STREET,"New York, NY 10014",Manhattan,American 
1343,50110690,CAFFE VITA,124 LUDLOW STREET,"New York, NY 10002",Manhattan,Coffee/Tea
1344,50115873,CHIP CITY,1543 2 AVENUE,"New York, NY 10028",Manhattan,Other
1346,50040810,CALEXICO,1491 2 AVENUE,"New York, NY 10075",Manhattan,Mexican
1349,50097590,CAFFE PANNA,77 IRVING PLACE,"New York, NY 10003",Manhattan,Coffee/Tea
1351,50104804,CHIPOTLE MEXICAN GRILL,3781 BROADWAY,"New York, NY 10032",Manhattan,Tex-Mex
1354,50111681,CHAI AUTHENTIC BEIJING CUISINE,353 WEST   46 STREET,"New York, NY 10036",Manhattan,Chinese
1357,50137167,CHANGLAI FISHBALLS NOODLES,55B BAYARD STREET,"New York, NY 10013",Manhattan,Chinese
1364,50139946,CHEZ OMAR,394 WEST STREET,"New York, NY 10014",Manhattan,Other
1366,50129218,CALETA,131 AVENUE A,"New York, NY 10009",Manhattan,American 
1371,50067926,CALLE DAO CHELSEA,461 WEST   23 STREET,"New York, NY 10011",Manhattan,Chinese/Cuban
1378,50121683,CHEF 28,29 EAST   28 STREET,"New York, NY 10016",Manhattan,Chinese
1383,50113307,CHRIS'S KITCHEN,1490 MADISON AVENUE,"New York, NY 10029",Manhattan,American 
1392,50130090,CITY CHIK,230 PARK AVENUE,"New York, NY 10169",Manhattan,Spanish
1393,50123677,CHEF GUO,135 EAST   50 STREET,"New York, NY 10022",Manhattan,Chinese
1398,50132847,CHICK-FIL-A 918 8TH AVENUE,918 8 AVENUE,"New York, NY 10019",Manhattan,Chicken
1400,50034366,CARLETON LOUNGE,500 WEST  120 STREET,"New York, NY 10027",Manhattan,American 
1401,50139591,ARCH CAFE,550 MADISON AVENUE,"New York, NY 10022",Manhattan,American 
1402,50133797,CARMEN'S KITCHEN / 2 BROS PIZZA,45 WEST   46 STREET,"New York, NY 10036",Manhattan,Other
1403,50120052,CHUN YANG,107A CHAMBERS STREET,"New York, NY 10007",Manhattan,Coffee/Tea
1406,50106587,CARNEGIE PIZZA,200 WEST   41 STREET,"New York, NY 10036",Manhattan,Pizza
1407,50124279,CHIHIRO TEA,552 LAGUARDIA PLACE,"New York, NY 10012",Manhattan,Coffee/Tea
1413,50108603,CHINA KING,2026 LEXINGTON AVENUE,"New York, NY 10035",Manhattan,Chinese
1414,50099541,CIPRIANI SOUTH STREET,10 SOUTH STREET,"New York, NY 10004",Manhattan,Italian
1417,50111068,CASA MAYA,2026 2 AVENUE,"New York, NY 10029",Manhattan,Mexican
1419,50126221,FUMO,415 3 AVENUE,"New York, NY 10016",Manhattan,American 
1426,50120937,CASA TOSCANA,152 WEST   52 STREET,"New York, NY 10019",Manhattan,Italian
1428,50108065,CHICK-FIL-A,1536 3 AVENUE,"New York, NY 10028",Manhattan,Chicken
1430,50083181,CLOUD M,189 BOWERY,"New York, NY 10002",Manhattan,American 
1431,50116782,CASINO,171 EAST BROADWAY,"New York, NY 10002",Manhattan,Italian
1432,50126486,COCOTAZO,1590 PARK AVENUE,"New York, NY 10029",Manhattan,Spanish
1436,50118082,CLUB RECREATIVO LOS AMIGOS,501 WEST  207 STREET,"New York, NY 10034",Manhattan,American 
1438,50111716,STONED PIZZA,235 EAST    4 STREET,"New York, NY 10009",Manhattan,Pizza
1441,50136479,CECCHI'S BAR & GRILL,105 WEST   13 STREET,"New York, NY 10011",Manhattan,American 
1442,50118255,CATERING KITCHEN (GOOGLE),29 11 AVENUE,"New York, NY 10011",Manhattan,American 
1445,50132870,CATRINA MEXICANA,163 EAST  116 STREET,"New York, NY 10029",Manhattan,Mexican
1449,50113214,CHIP CITY,30 ROCKEFELLER PLAZA,"New York, NY 10112",Manhattan,Bakery Products/Desserts
1453,50114911,COFFEE AT,521 5 AVENUE,"New York, NY 10175",Manhattan,Coffee/Tea
1455,50081691,CAVEAT,19 CLINTON STREET,"New York, NY 10002",Manhattan,American 
1459,50106359,Coffee Project New York - Chelsea,155 7 AVENUE,"New York, NY 10011",Manhattan,Coffee/Tea
1462,50134542,CENTRAL MARKET / WINE BAR / SPOILED PARROT,96 SOUTH STREET,"New York, NY 10038",Manhattan,American 
1463,50125519,COMMON ADDRESS,305 WEST   60 STREET,"New York, NY 10023",Manhattan,Coffee/Tea
1465,50128540,CENTRO PIZZA,1469 2 AVENUE,"New York, NY 10075",Manhattan,Pizza
1466,50119336,COMMON GOOD HARLEM,2801 FREDERICK DOUGLASS BOULEVARD,"New York, NY 10039",Manhattan,Coffee/Tea
1468,50064374,CERVO'S,43 CANAL STREET,"New York, NY 10002",Manhattan,Portuguese
1469,50116067,COMODO RESTAURANT,23 LEXINGTON AVENUE,"New York, NY 10010",Manhattan,Other
1471,50130997,CHA CHA MATCHA,922 BROADWAY,"New York, NY 10010",Manhattan,Coffee/Tea
1473,50050878,"COLUMBIA UNIVERSITY BAKER ATHLETICS COMPLEX, STAND #3",533 WEST  218 STREET,"New York, NY 10034",Manhattan,Coffee/Tea
1476,50128873,CHIRP,847 2 AVENUE,"New York, NY 10017",Manhattan,Peruvian
1480,50105756,COMPANY CULTURE,335 MADISON AVENUE,"New York, NY 10017",Manhattan,Coffee/Tea
1482,50123492,CHOTE MIYA,75 9 AVENUE,"New York, NY 10011",Manhattan,Indian
1487,50107871,CHAMPION PIZZA,2 WEST   14 STREET,"New York, NY 10011",Manhattan,Pizza
1493,50131287,CONVENE,1221 AVENUE OF THE AMERICAS,"New York, NY 10020",Manhattan,American 
1496,50140145,"CHARTWELLS AT PACE, 2ND FLOOR",15 BEEKMAN STREET,"New York, NY 10038",Manhattan,American 
1497,50132626,CHA CHA MATCHA,421 8 AVENUE,"New York, NY 10001",Manhattan,Coffee/Tea
1499,50133831,CHA CHA MATCHA,373 BROOME STREET,"New York, NY 10013",Manhattan,Other
1502,50138013,CHA CHA MATCHA,477 MADISON AVENUE,"New York, NY 10022",Manhattan,Coffee/Tea
1505,50138101,CHINA RIVER,258 WEST   44 STREET,"New York, NY 10036",Manhattan,Chinese
1508,50110895,CHAMA MAMA,373 AMSTERDAM AVENUE,"New York, NY 10024",Manhattan,Eastern European
1509,50066417,CHAZZ PALMINTERI ITALIAN RESTAURANT,30 WEST   46 STREET,"New York, NY 10036",Manhattan,Italian
1513,50107630,CHAMOUN'S WAY,1237 1 AVENUE,"New York, NY 10065",Manhattan,Lebanese
1516,50113120,Charles Pan-Fried Chicken,340 WEST  145 STREET,"New York, NY 10039",Manhattan,Soul Food
1520,50130864,BARTLEY DUNNES,160 WEST   54 STREET,"New York, NY 10019",Manhattan,Irish
1522,50137033,Charles Pan-Fried Chicken,1325 5 AVENUE,"New York, NY 10029",Manhattan,Soul Food
1526,50133999,CHIPOTLE MEXICAN GRILL #3056,3410 BROADWAY,"New York, NY 10031",Manhattan,Tex-Mex
1527,50123726,CLAIRES KITCHEN CAFE,19 SAINT NICHOLAS AVENUE,"New York, NY 10026",Manhattan,Coffee/Tea
1530,50134378,COPPER MUG COFFEE,38 WEST   30 STREET,"New York, NY 10001",Manhattan,Coffee/Tea
1535,50124605,CHEF TAN,37 SAINT MARKS PLACE,"New York, NY 10003",Manhattan,Chinese
1536,50107981,COUNTER & BODEGA,216 7 AVENUE,"New York, NY 10011",Manhattan,Latin American
1538,50108977,CHEF YU,520 8 AVENUE,"New York, NY 10018",Manhattan,Chinese
1540,50126937,CLUB LOUNGE,25 WEST   28 STREET,"New York, NY 10001",Manhattan,American 
1542,50109670,CHIPOTLE MEXICAN GRILL #3477,4240 BROADWAY,"New York, NY 10033",Manhattan,Mexican
1544,50104509,CHELSEA PIERS GOLF BAR AND LOUNGEQ, CHELSEA PIERS,"New York, NY 10011",Manhattan,American 
1545,50107747,CHELSEA HOTEL,226 WEST   23 STREET,"New York, NY 10011",Manhattan,Tapas
1552,50114301,CHO DANG GOL,55 WEST   35 STREET,"New York, NY 10001",Manhattan,Korean
1554,50105216,CHICK-FIL-A,1180 AVENUE OF THE AMERICAS,"New York, NY 10036",Manhattan,Chicken
1556,50119170,COURTYARD BY MARRIOTT NEW YORK MANHATTAN/SOHO,181 VARICK STREET,"New York, NY 10014",Manhattan,Continental
1557,50106442,CHICK-FIL-A,675 8 AVENUE,"New York, NY 10036",Manhattan,Chicken
1558,50116358,CHOPT,383 WEST   31 STREET,"New York, NY 10001",Manhattan,Soups/Salads/Sandwiches
1561,50134714,COLETTE,767 5 AVENUE,"New York, NY 10153",Manhattan,French
1564,50071449,COLUMBIA DINING URIS BLUE JAVA,3022 BROADWAY,"New York, NY 10027",Manhattan,Coffee/Tea
1565,50116552,CRAFT & CARRY,751 9 AVENUE,"New York, NY 10019",Manhattan,Irish
1567,50138006,COMFORT INN,548 WEST   48 STREET,"New York, NY 10036",Manhattan,Armenian
1568,50139951,CRAVE TNS,63 5 AVENUE,"New York, NY 10003",Manhattan,American 
1576,50131703,CHEZ ELEONORE AFRICAN RESTAURANT,301 EAST  108 STREET,"New York, NY 10029",Manhattan,African
1585,50129635,CHICK-FIL-A,216 WEST  125 STREET,"New York, NY 10027",Manhattan,Sandwiches
1588,50111612,CHICKEN RICE,120 WEST    3 STREET,"New York, NY 10012",Manhattan,Chicken
1590,50120705,CUCINA 8 1/2,9 WEST   57 STREET,"New York, NY 10019",Manhattan,Italian
1591,50124032,"CHICKEN AND THE EGG/SINCERELY, OPHELIA",221 2 AVENUE,"New York, NY 10003",Manhattan,Chicken
1595,50141634,CRUMBLY CAFE & BAKERY,1729 2 AVENUE,"New York, NY 10128",Manhattan,Coffee/Tea
1597,50132743,CHOPT,875 3 AVENUE,"New York, NY 10022",Manhattan,Other
1599,50126049,CUCINA ALBA,515 WEST   18 STREET,"New York, NY 10011",Manhattan,Italian
1602,50131269,D & P 52ND FLOOR,66 HUDSON BLVD EAST,"New York, NY 10001",Manhattan,Other
1604,50107938,DADO'S PIZZA,341 SAINT NICHOLAS AVENUE,"New York, NY 10027",Manhattan,Pizza
1609,50128647,CHIPOTLE MEXICAN GRILL,165 EAST  116 STREET,"New York, NY 10029",Manhattan,Mexican
1616,50115350,CI SIAMO,435 WEST   31 STREET,"New York, NY 10001",Manhattan,Italian
1627,50113281,DARLING,36 CENTRAL PARK SOUTH,"New York, NY 10019",Manhattan,American 
1630,50131212,DAY DRINKS CHELSEA,425 WEST   15 STREET,"New York, NY 10011",Manhattan,Coffee/Tea
1638,50057201,CORK & KALE (EVEN HOTEL NEW YORK-MIDTOWN EAST),219 EAST   44 STREET,"New York, NY 10017",Manhattan,American 
1639,50105317,CITIZENS OF SOHO,201 LAFAYETTE STREET,"New York, NY 10012",Manhattan,Australian
1640,50131167,DEJAVU HAITIAN FUSION RESTAURANT & LOUNGE,301 WEST  151 STREET,"New York, NY 10039",Manhattan,Other
1648,50129758,ELEPHANT EAR THAI EATERY,690 9 AVENUE,"New York, NY 10036",Manhattan,Japanese
1651,50089310,DEAR MAMA COFFEE,611 WEST  129 STREET,"New York, NY 10027",Manhattan,American 
1655,50140235,CHINATO,108 STANTON STREET,"New York, NY 10002",Manhattan,Chinese
1657,50105043,CHIPOTLE MEXICAN GRILL #3544,885 10 AVENUE,"New York, NY 10019",Manhattan,Tex-Mex
1668,50138978,CHIPOTLE MEXICAN GRILL #3056,2575 BROADWAY,"New York, NY 10025",Manhattan,Mexican
1672,50053053,DEVON & BLAKELY,185 GREENWICH STREET,"New York, NY 10007",Manhattan,American 
1681,50119829,CLASSIC ARREPAS,31 WEST    8 STREET,"New York, NY 10011",Manhattan,Spanish
1687,50134536,COCKTAIL BAR,96 SOUTH STREET,"New York, NY 10038",Manhattan,American 
1688,50134004,COFFEE AT ANAGRAM,10 EAST   29 STREET,"New York, NY 10016",Manhattan,American 
1692,50123506,DIMSUM GARDEN,338 LEXINGTON AVENUE,"New York, NY 10016",Manhattan,Chinese
1696,50010546,DIRTY FRENCH,180 LUDLOW STREET,"New York, NY 10002",Manhattan,French
1702,50105790,CHOMP CHOMP,78 EAST    1 STREET,"New York, NY 10009",Manhattan,Thai
1703,50112310,DOABA DELI,945 COLUMBUS AVENUE,"New York, NY 10025",Manhattan,Indian
1705,50105273,CHOP & GO,643 LEXINGTON AVENUE,"New York, NY 10022",Manhattan,Salads
1711,50086442,CROWN SHY,70 PINE STREET,"New York, NY 10005",Manhattan,American 
1716,50133880,DEVOCION,600 LEXINGTON AVENUE,"New York, NY 10022",Manhattan,Coffee/Tea
1720,50117657,COLETTA,365 3 AVENUE,"New York, NY 10016",Manhattan,Vegan
1721,50067994,DOMINICAN VALLE RESTAURANT,1601 SAINT NICHOLAS AVENUE,"New York, NY 10040",Manhattan,Spanish
1722,50106285,CHOP & GO,85 JOHN STREET,"New York, NY 10038",Manhattan,Salads
1723,50108497,DHAMAKA,88 ESSEX STREET,"New York, NY 10002",Manhattan,Indian
1724,50120356,CHOP & GO,1700 BROADWAY,"New York, NY 10019",Manhattan,Salads
1726,50098700,D K,207 WEST   36 STREET,"New York, NY 10018",Manhattan,American 
1729,50141937,CHOP'T,1 LIBERTY PLAZA,"New York, NY 10006",Manhattan,Soups/Salads/Sandwiches
1730,50106139,CLAUDIO,295 7 AVENUE,"New York, NY 10001",Manhattan,Other
1731,50050864,"COLUMBIA UNIVERSITY BAKER ATHLETICS COMPLEX, STAND #1",533 WEST  218 STREET,"New York, NY 10034",Manhattan,Hotdogs
1733,50122641,CLERMONT CAFE (GOOGLE),315 HUDSON STREET,"New York, NY 10013",Manhattan,American 
1734,50050873,"COLUMBIA UNIVERSITY BAKER ATHLETICS COMPLEX, STAND #2",533 WEST  218 STREET,"New York, NY 10034",Manhattan,Hotdogs
1735,50117829,COMMONS CAFE,665 WEST  130 STREET,"New York, NY 10027",Manhattan,American 
1740,50110249,COBBLEFISH,89 SOUTH STREET,"New York, NY 10038",Manhattan,American 
1753,50132052,COOL CULINARY,119 ESSEX STREET,"New York, NY 10002",Manhattan,Other
1754,50102287,COFFEE PROJECT,401 WEST   53 STREET,"New York, NY 10019",Manhattan,Coffee/Tea
1756,50133830,DA ADRIANO,1198 1 AVENUE,"New York, NY 10065",Manhattan,Italian
1761,50118593,DIM SUM SAM,28 EAST   23 STREET,"New York, NY 10010",Manhattan,Chinese
1762,50115002,COLBO,51 ORCHARD STREET,"New York, NY 10002",Manhattan,Coffee/Tea
1780,50016891,DIRT CANDY,86 ALLEN STREET,"New York, NY 10002",Manhattan,Vegetarian
1789,50056216,DIVYA'S KITCHEN,25 1 AVENUE,"New York, NY 10003",Manhattan,Vegetarian
1795,50136482,DO NOT FEED ALLIGATORS,337 BLEECKER STREET,"New York, NY 10014",Manhattan,Coffee/Tea
1799,50100184,CRAB HOUSE,135 EAST   55 STREET,"New York, NY 10022",Manhattan,Seafood
1800,50136685,CRIOLLAS,888 8 AVENUE,"New York, NY 10019",Manhattan,Latin American
1803,50140991,FRANKLIN SQUARE CAFE @ HARPER COLLINS,195 BROADWAY,"New York, NY 10007",Manhattan,American 
1808,50094653,"COMPASS GROUP USA, INC. @ WELLS FARGO",30 HUDSON YARDS,"New York, NY 10001",Manhattan,American 
1810,50105408,DAVIDOVICH BAKERY,88 ESSEX STREET,"New York, NY 10002",Manhattan,Bakery Products/Desserts
1815,50134682,CONMIGO,1410 MADISON AVENUE,"New York, NY 10029",Manhattan,Mexican
1819,50138405,CREDIT AGRICOLE DINING,1301 AVENUE OF THE AMERICAS,"New York, NY 10019",Manhattan,American 
1829,50115694,CRUMBLY CAFE & BAKERY,997 1 AVENUE,"New York, NY 10022",Manhattan,Bakery Products/Desserts
1835,50141326,Cubby's,630 10 AVENUE,"New York, NY 10036",Manhattan,Hamburgers
1839,50111156,CORK WINE BAR,69 THOMPSON STREET,"New York, NY 10012",Manhattan,French
1852,50130131,THE OFFICE OF MR. MOTO,120 SAINT MARKS PLACE,"New York, NY 10009",Manhattan,Japanese
1855,50116852,DEERFIELD / CURE /NaCl  Cafe,345 PARK AVENUE SOUTH,"New York, NY 10010",Manhattan,Other
1856,50137611,DON DON,37 WEST   43 STREET,"New York, NY 10036",Manhattan,Korean
1859,50051612,DOS CAMINOS,1567 BROADWAY,"New York, NY 10036",Manhattan,Mexican
1867,50107442,DOUBLE CHICKEN PLEASE,115 ALLEN STREET,"New York, NY 10002",Manhattan,Chicken
1868,50068836,DA CAPO,322 COLUMBUS AVENUE,"New York, NY 10023",Manhattan,Italian
1880,50128856,CRUMBL COOKIES UPPER EAST SIDE,1195 3 AVENUE,"New York, NY 10021",Manhattan,Bakery Products/Desserts
1883,50118137,DRAGON SUSHI,1272 AMSTERDAM AVENUE,"New York, NY 10027",Manhattan,Japanese
1884,50129452,CRUMBL COOKIES UPPER WEST SIDE,301 COLUMBUS AVENUE,"New York, NY 10023",Manhattan,Bakery Products/Desserts
1893,50100995,DAIKANYAMA,1000 THIRD AVENUE,"New York, NY 10022",Manhattan,Japanese
1898,50094935,DUNKIN,2414 BROADWAY,"New York, NY 10024",Manhattan,Donuts
1900,50084715,DEVOCION,25 EAST   20 STREET,"New York, NY 10003",Manhattan,Coffee/Tea
1901,50141457,DUNKIN,185 GREENWICH STREET,"New York, NY 10007",Manhattan,Coffee/Tea
1904,50118540,DADDIES NYC,450 HUDSON STREET,"New York, NY 10014",Manhattan,Italian
1905,50113868,DAILY PROVISIONS,29 BEDFORD STREET,"New York, NY 10014",Manhattan,American 
1907,50131165,CURRENT COFFEE,348 BOWERY,"New York, NY 10012",Manhattan,Coffee/Tea
1909,50114874,DAILY PROVISIONS,435 WEST   31 STREET,"New York, NY 10001",Manhattan,American 
1912,50125904,CURRY HOUSE,9 PELL STREET,"New York, NY 10013",Manhattan,Thai
1916,50043586,DUNKIN,1995 AMSTERDAM AVENUE,"New York, NY 10032",Manhattan,Donuts
1917,50139164,DINER 24,283 3 AVENUE,"New York, NY 10010",Manhattan,American 
1918,50080887,DUNKIN,6 EAST   46 STREET,"New York, NY 10017",Manhattan,Donuts
1923,50101082,DANTE WEST VILLAGE,551 HUDSON STREET,"New York, NY 10014",Manhattan,Italian
1924,50123927,DIRTY TACO,89 EAST   42 STREET,"New York, NY 10017",Manhattan,Mexican
1925,50122466,DALI NYC,37 MARKET STREET,"New York, NY 10002",Manhattan,Tapas
1927,50089183,DUNKIN,175 VARICK STREET,"New York, NY 10014",Manhattan,American 
1928,50109648,DAME,87 MACDOUGAL STREET,"New York, NY 10012",Manhattan,English
1930,50115776,DISCOVERY,230 PARK AVENUE SOUTH,"New York, NY 10003",Manhattan,American 
1931,50044841,DUNKIN BASKIN ROBBINS,57 EAST  125 STREET,"New York, NY 10035",Manhattan,Donuts
1935,50035310,DANTE,79 MACDOUGAL STREET,"New York, NY 10012",Manhattan,Italian
1937,50139326,DUNKIN DONUTS,185 GREENWICH STREET,"New York, NY 10007",Manhattan,Coffee/Tea
1941,50089250,DUNKIN,1482 1 AVENUE,"New York, NY 10075",Manhattan,Donuts
1942,50130872,DUNKIN DONUTS BASKIN ROBBINS,2600 BROADWAY,"New York, NY 10025",Manhattan,Coffee/Tea
1943,50105561,DAVIDOVICH BAKERY,79 CLINTON STREET,"New York, NY 10002",Manhattan,Bakery Products/Desserts
1946,50126040,DAVES HOT CHICKEN,944 8 AVENUE,"New York, NY 10019",Manhattan,American 
1947,50089195,DUNKIN',455 PARK AVENUE SOUTH,"New York, NY 10016",Manhattan,Donuts
1949,50128096,DAVEY'S ICE CREAM,309 EAST    9 STREET,"New York, NY 10003",Manhattan,Frozen Desserts
1950,50095406,DUNKIN'/UHALL COMMONS CAFE,110 EAST   14 STREET,"New York, NY 10003",Manhattan,American 
1951,50119329,DD SOUP DUMPLING,321A WEST   42 STREET,"New York, NY 10036",Manhattan,Asian/Asian Fusion
1952,50108847,DAVIDOVICH BAKERY,150 EAST    3 STREET,"New York, NY 10009",Manhattan,Bagels/Pretzels
1953,50111193,DUNKIN-BASKIN ROBBINS,361 3 AVENUE,"New York, NY 10016",Manhattan,Donuts
1958,50140967,DDO BAR,601 WEST   26 STREET,"New York, NY 10001",Manhattan,Korean
1959,50053477,DY JUICE BAR,24 VESTRY STREET,"New York, NY 10013",Manhattan,"Juice, Smoothies, Fruit Salads"
1960,50131267,D & P 44TH FLOOR COFFEE BAR/MARKET,66 HUDSON BLVD EAST,"New York, NY 10001",Manhattan,Other
1961,50131265,D & P 51ST FLOOR CAFE,66 HUDSON BLVD EAST,"New York, NY 10001",Manhattan,Other
1966,50139761,EASTSIDE STORY,265 EAST   10 STREET,"New York, NY 10009",Manhattan,Mediterranean
1974,50115683,DEUTSCHE TRADER CAFE,10 COLUMBUS CIRCLE,"New York, NY 10019",Manhattan,Coffee/Tea
1977,50089257,DUNKIN,535 AMSTERDAM AVENUE,"New York, NY 10024",Manhattan,Donuts
1981,50106866,DOLAR SHOP,55 3 AVENUE,"New York, NY 10003",Manhattan,Chinese
1985,50067502,DUNKIN BASKIN ROBINS,147 EAST  116 STREET,"New York, NY 10029",Manhattan,Donuts
1991,50118792,DIG,630 3 AVENUE,"New York, NY 10017",Manhattan,American 
1992,50074873,DAVELLE,102 SUFFOLK STREET,"New York, NY 10002",Manhattan,Japanese
1994,50098025,DIG INN,127 4 AVENUE,"New York, NY 10003",Manhattan,American 
1995,50128480,DAVEY'S ICE CREAM,383 WEST   31 STREET,"New York, NY 10001",Manhattan,Frozen Desserts
1997,50098467,DIG ON BLEECKER,232 BLEECKER STREET,"New York, NY 10014",Manhattan,American 
2000,50099743,DIG INN,275 7 AVENUE,"New York, NY 10001",Manhattan,American 
2003,50112561,DUNKIN DONUTS,65 EAST   34 STREET,"New York, NY 10016",Manhattan,Donuts
2006,50114358,DUNKIN DONUTS,1006 1 AVENUE,"New York, NY 10022",Manhattan,American 
2009,50139808,DIM SUM PALACE,123 WILLIAM STREET,"New York, NY 10038",Manhattan,Chinese
2015,50125874,DUNKIN DONUTS,471 LEXINGTON AVENUE,"New York, NY 10017",Manhattan,Donuts
2018,50080884,DUNKIN',1433 2 AVENUE,"New York, NY 10021",Manhattan,Donuts
2021,50089255,DUNKIN',730 COLUMBUS AVENUE,"New York, NY 10025",Manhattan,Donuts
2026,50095659,Downstein Dining Hall @NYU,5 UNIVERSITY PLACE,"New York, NY 10003",Manhattan,Jewish/Kosher
2035,50088194,DOWNTOWN YOGURT,303 GREENWICH STREET,"New York, NY 10013",Manhattan,Frozen Desserts
2036,50065733,DEL FRISCO'S GRILLE,200 VESEY STREET,"New York, NY 10281",Manhattan,American 
2038,50130194,EL CHURRO,175 EAST HOUSTON STREET,"New York, NY 10002",Manhattan,Coffee/Tea
2048,50104937,DRAGON TEA,106 GREENWICH STREET,"New York, NY 10006",Manhattan,Coffee/Tea
2052,50136848,Delice & sarrasin,178 WEST HOUSTON STREET,"New York, NY 10014",Manhattan,Vegan
2053,50106252,ZAAB ZAAB,88 ESSEX STREET,"New York, NY 10002",Manhattan,Thai
2058,50135183,DONNA COCKTAIL CLUB,7 CORNELIA STREET,"New York, NY 10014",Manhattan,Spanish
2061,50126677,DOS CAMINOS,245 PARK AVENUE,"New York, NY 10167",Manhattan,Spanish
2064,50120973,DOT DASH (PEOPLE MAGAZINE),225 LIBERTY STREET,"New York, NY 10281",Manhattan,American 
2071,50112968,DELICE MACARONS,321 1/2 AMSTERDAM AVENUE,"New York, NY 10023",Manhattan,Bakery Products/Desserts
2079,50065982,EL CASTILLO DE MANHATTAN RESTAURANT,207 MADISON STREET,"New York, NY 10002",Manhattan,Spanish
2082,50120496,Della's,66 WEST BROADWAY,"New York, NY 10007",Manhattan,Italian
2088,50136821,ELOREA,41 SPRING STREET,"New York, NY 10012",Manhattan,Coffee/Tea
2093,50089189,DUNKIN,208 EAST   14 STREET,"New York, NY 10003",Manhattan,Coffee/Tea
2095,50093964,DOWNSTEIN DINING HALL @ NYU,5 UNIVERSITY PLACE,"New York, NY 10003",Manhattan,American 
2096,50089256,DUNKIN,687 AMSTERDAM AVENUE,"New York, NY 10025",Manhattan,Donuts
2097,50124845,Lilo Creamery,1564A 1 AVENUE,"New York, NY 10028",Manhattan,Frozen Desserts
2099,50089259,DUNKIN,398 AUDUBON AVENUE,"New York, NY 10033",Manhattan,Donuts
2101,50106799,DRAGON SUSHI OF 8 AVENUE,2072 8 AVENUE,"New York, NY 10026",Manhattan,Japanese
2103,50133644,DUE MADRI,25 11 AVENUE,"New York, NY 10011",Manhattan,Sandwiches
2104,50105056,DRIFT IN,389 WEST STREET,"New York, NY 10014",Manhattan,Seafood
2115,50106067,EMPANADA MAMA,200B WEST   40 STREET,"New York, NY 10018",Manhattan,Latin American
2122,50045582,DUNKIN',1964 3 AVENUE,"New York, NY 10029",Manhattan,Donuts
2123,50119599,DHOM,505 EAST   12 STREET,"New York, NY 10009",Manhattan,Thai
2125,50136934,EL NUEVO CAPRI II RESTAURANT,1497 SAINT NICHOLAS AVENUE,"New York, NY 10033",Manhattan,Latin American
2132,50117190,DIG,286 MADISON AVENUE,"New York, NY 10017",Manhattan,American 
2133,50109149,EPICERIE BOULUD @ OVA,1 VANDERBILT AVENUE,"New York, NY 10017",Manhattan,Coffee/Tea
2137,50089246,DUNKIN' DONUTS/BASKIN ROBBINS,140 EAST   34 STREET,"New York, NY 10016",Manhattan,Donuts
2140,50094131,ESSEX RESTAURANT,124 RIVINGTON STREET,"New York, NY 10002",Manhattan,American 
2141,50089187,"DUNKIN', BASKIN ROBBINS",361 1 AVENUE,"New York, NY 10010",Manhattan,Coffee/Tea
2144,50044842,"DUNKIN, BASKIN ROBBINS",900 SAINT NICHOLAS AVENUE,"New York, NY 10032",Manhattan,Donuts
2148,50080876,DUNKIN,800 2 AVENUE,"New York, NY 10017",Manhattan,Donuts
2149,50110625,DOMAIN CAFE (GOOGLE),111 8 AVENUE,"New York, NY 10011",Manhattan,Other
2152,50105135,EXCELLENT DUMPLING HOUSE,165 WEST   23 STREET,"New York, NY 10011",Manhattan,Chinese
2155,50080882,DUNKIN',875 3 AVENUE,"New York, NY 10022",Manhattan,Donuts
2156,50120878,DOMAKASE,23 AVENUE B,"New York, NY 10009",Manhattan,Japanese
2163,50084846,FABRIQUE,348 WEST   14 STREET,"New York, NY 10014",Manhattan,Bakery Products/Desserts
2164,50089180,DUNKIN,476 2 AVENUE,"New York, NY 10016",Manhattan,American 
2167,50093783,EL VALLE LENOX,588 LENOX AVENUE,"New York, NY 10037",Manhattan,Spanish
2168,50089200,DUNKIN,638 LEXINGTON AVENUE,"New York, NY 10022",Manhattan,Donuts
2170,50118086,FASANO,280 PARK AVENUE,"New York, NY 10017",Manhattan,Italian
2171,50089204,DUNKIN,101 EAST   16 STREET,"New York, NY 10003",Manhattan,Donuts
2175,50089206,DUNKIN,712 3 AVENUE,"New York, NY 10017",Manhattan,Coffee/Tea
2182,50089254,DUNKIN,916 3 AVENUE,"New York, NY 10022",Manhattan,Donuts
2185,50099039,DUNKIN,1235 AMSTERDAM AVENUE,"New York, NY 10027",Manhattan,Donuts
2188,50116763,DUNKIN',1406 SAINT NICHOLAS AVENUE,"New York, NY 10033",Manhattan,Coffee/Tea
2191,50080892,DUNKIN,25 WEST   43 STREET,"New York, NY 10036",Manhattan,Donuts
2193,50117669,"EARLY EDITION RESTAURANT, THE PRESS CLUB GRILL, EARLY EDITION COFFEE",1260 BROADWAY,"New York, NY 10001",Manhattan,New American
2197,50089242,DUNKIN,72 WEST    3 STREET,"New York, NY 10012",Manhattan,Donuts
2198,50106652,EMACK & BOLIO'S,1005 2 AVENUE,"New York, NY 10022",Manhattan,Frozen Desserts
2199,50124500,EAT OFFBEAT,75 9 AVENUE,"New York, NY 10011",Manhattan,Mediterranean
2203,50117129,DUNKIN,1590 MADISON AVENUE,"New York, NY 10029",Manhattan,Donuts
2204,50101256,EMMY SQUARED,1426 3 AVENUE,"New York, NY 10028",Manhattan,American 
2211,50123003,FIFTYLAN,875 6 AVENUE,"New York, NY 10001",Manhattan,Coffee/Tea
2212,50137573,EMPIRE STEAK HOUSE,233 WEST   49 STREET,"New York, NY 10019",Manhattan,American 
2213,50128940,MELI TAQUERIA,184 EAST  116 STREET,"New York, NY 10029",Manhattan,Mexican
2216,50113664,EFFYS CAFE,1688 YORK AVENUE,"New York, NY 10128",Manhattan,Jewish/Kosher
2221,50119231,DUNKIN,370 LEXINGTON AVENUE,"New York, NY 10017",Manhattan,Donuts
2223,50111907,DUNKIN,973 8 AVENUE,"New York, NY 10019",Manhattan,Donuts
2227,50118007,Dunkin Donuts,243 9 AVENUE,"New York, NY 10001",Manhattan,Donuts
2230,50089238,"DUNKIN , BASKIN ROBBINS",100 1 AVENUE,"New York, NY 10009",Manhattan,Donuts
2232,50134543,EL CABRON TAQUERIA,23 ESSEX STREET,"New York, NY 10002",Manhattan,Mexican
2233,50108935,EPICES BAKERY,104 WEST   70 STREET,"New York, NY 10023",Manhattan,Bakery Products/Desserts
2239,50116702,ERNST AND YOUNG,401 9 AVENUE,"New York, NY 10001",Manhattan,Coffee/Tea
2242,50095147,ESCO CAFE,687 9 AVENUE,"New York, NY 10036",Manhattan,Coffee/Tea
2246,50115208,DUAL TOWNE PLACE SUITES/SPRINGHILL SUITES,140 WEST   28 STREET,"New York, NY 10001",Manhattan,Other
2248,50137347,EVERETT CAFE (TEACHER'S COLLEGE),501 WEST  121 STREET,"New York, NY 10027",Manhattan,Coffee/Tea
2252,50106573,EL MIL SABORES,695 9 AVENUE,"New York, NY 10036",Manhattan,Tex-Mex
2259,50080388,MACE,35 WEST    8 STREET,"New York, NY 10011",Manhattan,New American
2260,50109808,DUNKIN' DONUTS,595 10 AVENUE,"New York, NY 10036",Manhattan,Coffee/Tea
2261,50097856,DUNKIN DONUTS,900 2 AVENUE,"New York, NY 10017",Manhattan,Donuts
2263,50089251,"DUNKIN',' BASKIN ROBBINS",542 EAST   14 STREET,"New York, NY 10009",Manhattan,Donuts
2267,50130981,FIVE FLIES COFFEE,554 WEST  158 STREET,"New York, NY 10032",Manhattan,American 
2268,50128326,EL PASO MEXICAN RESTAURANT,123 EAST  110 STREET,"New York, NY 10029",Manhattan,Mexican
2270,50118487,FIVE GUYS,80 MAIDEN LANE,"New York, NY 10038",Manhattan,Hamburgers
2281,50127492,FAMOUS 1 DOLLAR PIZZA,578A 9 AVENUE,"New York, NY 10036",Manhattan,Pizza
2294,50109358,FOOD CITY CAFE & PIZZA,1691 BROADWAY,"New York, NY 10019",Manhattan,Other
2299,50112933,DUNKIN DONUTS,124 EAST   57 STREET,"New York, NY 10022",Manhattan,Donuts
2306,50056398,DUNKIN DONUTS BASKIN ROBBINS,3504 BROADWAY,"New York, NY 10031",Manhattan,Donuts
2307,50042840,DUNKIN,105 WEST  125 STREET,"New York, NY 10027",Manhattan,Donuts
2313,50080893,DUNKIN,882 LEXINGTON AVENUE,"New York, NY 10065",Manhattan,Donuts
2315,50103133,DUNKIN',1631 LEXINGTON AVENUE,"New York, NY 10029",Manhattan,Donuts
2316,50089168,DUNKIN,75 CHRISTOPHER STREET,"New York, NY 10014",Manhattan,American 
2319,50089252,Dunkin,1571 YORK AVENUE,"New York, NY 10028",Manhattan,Donuts
2322,50095294,DUNKIN,693 9 AVENUE,"New York, NY 10036",Manhattan,Donuts
2324,50067514,ED'S ELBOW ROOM,308 EAST   78 STREET,"New York, NY 10075",Manhattan,American 
2327,50131861,EFFY'S CAFE,104 WEST   96 STREET,"New York, NY 10025",Manhattan,Jewish/Kosher
2331,50121055,FIGO,178 MULBERRY STREET,"New York, NY 10012",Manhattan,Frozen Desserts
2332,50116602,FRESH STOP,326 AUDUBON AVENUE,"New York, NY 10033",Manhattan,"Juice, Smoothies, Fruit Salads"
2335,50118800,FIL\xc9 GUMBO BAR,275 CHURCH STREET,"New York, NY 10013",Manhattan,Creole/Cajun
2337,50113695,DUNKIN',102 8 AVENUE,"New York, NY 10011",Manhattan,Donuts
2344,50118006,DUNKIN,266 1 AVENUE,"New York, NY 10009",Manhattan,Donuts
2345,50091156,FREVO,48 WEST    8 STREET,"New York, NY 10011",Manhattan,French
2350,50130551,DUNKIN,250 EAST HOUSTON STREET,"New York, NY 10002",Manhattan,Coffee/Tea
2351,50128808,FIVE ACRES,30 ROCKEFELLER PLAZA,"New York, NY 10112",Manhattan,American 
2357,50107752,FIVE IRON GOLF,883 AVENUE OF THE AMERICAS,"New York, NY 10001",Manhattan,American 
2359,50110453,DUNKIN DONUTS,109 DYCKMAN STREET,"New York, NY 10040",Manhattan,Donuts
2365,50109807,DUNKIN',1602 2 AVENUE,"New York, NY 10028",Manhattan,Donuts
2367,50109050,Fulltank Moto Cafe,49 MONROE STREET,"New York, NY 10002",Manhattan,Other
2369,50133883,FLIK @ WELLINGTON MANAGEMENT,799 BROADWAY,"New York, NY 10003",Manhattan,Bakery Products/Desserts
2372,50085953,FLIK INTERNATIONAL CORP.,55 HUDSON YARDS,"New York, NY 10001",Manhattan,American 
2373,50100277,GABRIEL'S BAR & RESTAURANT,40 CENTRAL PARK SOUTH,"New York, NY 10019",Manhattan,Italian
2376,50113612,ELLA'S CAFE,1465 2 AVENUE,"New York, NY 10075",Manhattan,Coffee/Tea
2377,50106138,GANSEVOORT LIBERTY MARKET,150 GREENWICH STREET,"New York, NY 10007",Manhattan,Fusion
2380,50075946,EM STAR CAFE,19 DIVISION STREET,"New York, NY 10002",Manhattan,Chinese
2386,50043918,"DUNKIN, BASKIN ROBBINS",140 DELANCEY STREET,"New York, NY 10002",Manhattan,Donuts
2389,50115168,DUTCH BABY,813 WEST  187 STREET,"New York, NY 10033",Manhattan,American 
2392,50112658,DYCKMAN PALACE PIZZA,121 DYCKMAN STREET,"New York, NY 10040",Manhattan,Pizza
2396,50126355,EMMY SQUARED PIZZA,311 WEST   48 STREET,"New York, NY 10036",Manhattan,Pizza
2401,50140839,FORSYTH FIRE ESCAPE,601 WEST   26 STREET,"New York, NY 10001",Manhattan,Tex-Mex
2404,50129375,EMPANADA MAMA,239 1 AVENUE,"New York, NY 10003",Manhattan,Latin American
2407,50114985,FOX HARLEM,2224 FREDERICK DOUGLASS BOULEVARD,"New York, NY 10026",Manhattan,American 
2413,50123214,Frame,1413 2 AVENUE,"New York, NY 10021",Manhattan,Coffee/Tea
2417,50109619,EL COCO,202 8 AVENUE,"New York, NY 10011",Manhattan,Mexican
2420,50064285,E.A.K. RAMEN,469 6 AVENUE,"New York, NY 10011",Manhattan,Japanese
2422,50134766,GERMAN DONER KEBAB,1001 AVENUE OF THE AMERICAS,"New York, NY 10018",Manhattan,Mediterranean
2428,50090073,El Nuevo Valle Seafood Restaurant,231 SHERMAN AVENUE,"New York, NY 10034",Manhattan,Latin American
2430,50106381,FRENCHETTE BAKERY,220 CHURCH STREET,"New York, NY 10013",Manhattan,Bakery Products/Desserts
2436,50107564,"FRIEDMAN'S WEST, PICK-A-BAGEL",35 WEST END AVENUE,"New York, NY 10023",Manhattan,Sandwiches/Salads/Mixed Buffet
2438,50108956,EL NUEVO CAPRI RESTAURANT,1340 SAINT NICHOLAS AVENUE,"New York, NY 10033",Manhattan,Spanish
2442,50130935,EAST SEASON RESTAURANT HOUSE,244 CANAL STREET,"New York, NY 10013",Manhattan,Chinese
2444,50105697,EL PATIO DE FELA,2253 3 AVENUE,"New York, NY 10035",Manhattan,Spanish
2456,50137876,GLACE BY NOGLU,1266 MADISON AVENUE,"New York, NY 10128",Manhattan,Frozen Desserts
2461,50110716,GABBY O'HARAS,123 WEST   39 STREET,"New York, NY 10018",Manhattan,Irish
2463,50135610,GAGA JIAO CAFE,67 EAST BROADWAY,"New York, NY 10002",Manhattan,Chinese
2466,50135702,GARVEY'S TIMES SQUARE,206 WEST   41 STREET,"New York, NY 10036",Manhattan,American 
2467,50120753,EQUIS PICA POLLO RESTAURANT,521 WEST  207 STREET,"New York, NY 10034",Manhattan,Latin American
2469,50112925,GAZAB,179 ESSEX STREET,"New York, NY 10002",Manhattan,Indian
2471,50040806,EFFY'S KITCHEN,1567 LEXINGTON AVENUE,"New York, NY 10029",Manhattan,American 
2473,50110540,ELECTRIC BURRITO,81 SAINT MARKS PLACE,"New York, NY 10003",Manhattan,Mexican
2476,50107127,ELENI'S,226 3 AVENUE,"New York, NY 10003",Manhattan,Greek
2495,50134076,EL PLATO LOCO,120 DYCKMAN STREET,"New York, NY 10040",Manhattan,Spanish
2496,50113361,FELICE,240 COLUMBUS AVENUE,"New York, NY 10023",Manhattan,Italian
2498,50139267,ELENI'S GOODS,238 3 AVENUE,"New York, NY 10003",Manhattan,Greek
2503,50116106,Golden Wuish,6 PLATT STREET,"New York, NY 10038",Manhattan,Asian/Asian Fusion
2506,50120500,GOLDIE'S TAVERN,135 WEST   30 STREET,"New York, NY 10001",Manhattan,American 
2509,50102460,GONG CHA,1600 BROADWAY,"New York, NY 10019",Manhattan,Coffee/Tea
2510,50095222,GOLDING CAFE,40 WASHINGTON SQUARE SOUTH,"New York, NY 10012",Manhattan,American 
2511,50080692,GONG CHA,2810 BROADWAY,"New York, NY 10025",Manhattan,"Juice, Smoothies, Fruit Salads"
2518,50136509,GONG CHA, PENN STATION,"New York, NY 10001",Manhattan,Coffee/Tea
2521,50100867,GONG CHA & POKE+,925 LEXINGTON AVENUE,"New York, NY 10065",Manhattan,Coffee/Tea
2525,50114601,EMMETTS ON GROVE,39 GROVE STREET,"New York, NY 10014",Manhattan,Pizza
2527,50133524,GRACIE'S DINER,242 EAST   85 STREET,"New York, NY 10028",Manhattan,American 
2529,50113397,EMBASSY SUITES,60 WEST   37 STREET,"New York, NY 10018",Manhattan,American 
2530,50066664,GOURMET BAGEL,874 LEXINGTON AVENUE,"New York, NY 10065",Manhattan,Sandwiches/Salads/Mixed Buffet
2531,50116941,EMPIRE III,1902 A C POWELL BOULEVARD,"New York, NY 10026",Manhattan,Chinese
2534,50130406,GRAND MASTER DUMPLING,295 GRAND STREET,"New York, NY 10002",Manhattan,Chinese
2535,50119525,GRACE PAVILION CATERING,1114 AVENUE OF THE AMERICAS,"New York, NY 10036",Manhattan,Other
2536,50131869,ESO PESCO,2906 FREDERICK DOUGLASS BOULEVARD,"New York, NY 10039",Manhattan,Seafood
2539,50116166,Grand Street Pizza,384 GRAND STREET,"New York, NY 10002",Manhattan,Pizza
2540,50119432,ESSEX PEARL,115 DELANCEY STREET,"New York, NY 10002",Manhattan,Seafood
2541,50138090,GRAND SICHUAN EASTERN,1049 2 AVENUE,"New York, NY 10022",Manhattan,Chinese
2545,50119992,FIGARO,184 BLEECKER STREET,"New York, NY 10012",Manhattan,American 
2547,50106327,GRANNY ANNIE'S BAR & KITCHEN,425 MAIN STREET,"New York, NY 10044",Manhattan,Irish
2550,50134353,GRAYSON HOTEL / HARTA / BAR CIMA,30 WEST   39 STREET,"New York, NY 10018",Manhattan,American 
2551,50128218,EMMY SQUARED PIZZA,200 WEST   60 STREET,"New York, NY 10023",Manhattan,Pizza
